Tempo (s),Setpoint (V),Tensao (V),Duty (%)
0.01,1,0.602,40
0.02,1,0.51,40
0.03,1,0.594,40
0.04,1,0.557,40
0.05,1,0.618,40
0.06,1,0.557,40
0.07,1,0.615,40
0.08,1,0.539,40
0.09,1,0.605,40
0.10,1,0.562,40
0.11,1,0.564,40
0.12,1,0.595,40
0.13,1,0.575,40
0.14,1,0.609,40
0.15,1,0.533,40
0.16,1,0.589,40
0.17,1,0.577,40
0.18,1,0.595,40
0.19,1,0.536,40
0.20,1,0.577,40
0.21,1,0.583,40
0.22,1,0.584,40
0.23,1,0.582,40
0.24,1,0.604,40
0.25,1,0.569,40
0.26,1,0.592,40
0.27,1,0.527,40
0.28,1,0.593,40
0.29,1,0.549,40
0.30,1,0.593,40
0.31,1,0.53,40
0.32,1,0.591,40
0.33,1,0.539,40
0.34,1,0.6,40
0.35,1,0.497,40
0.36,1,0.581,40
0.37,1,0.558,40
0.38,1,0.611,40
0.39,1,0.56,40
0.40,1,0.607,40
0.41,1,0.539,40
0.42,1,0.583,40
0.43,1,0.49,40
0.44,1,0.556,40
0.45,1,0.57,40
0.46,1,0.578,40
0.47,1,0.594,40
0.48,1,0.591,40
0.49,1,0.575,40
0.50,1,0.581,40
0.51,1,0.554,40
0.52,1,0.591,40
0.53,1,0.554,40
0.54,1,0.606,40
0.55,1,0.541,40
0.56,1,0.597,40
0.57,1,0.551,40
0.58,1,0.602,40
0.59,1,0.534,40
0.60,1,0.588,40
0.61,1,0.61,40
0.62,1,0.553,40
0.63,1,0.601,40
0.64,1,0.542,40
0.65,1,0.592,40
0.66,1,0.556,40
0.67,1,0.588,40
0.68,1,0.539,40
0.69,1,0.579,40
0.70,1,0.489,40
0.71,1,0.573,40
0.72,1,0.572,40
0.73,1,0.591,40
0.74,1,0.558,40
0.75,1,0.579,40
0.76,1,0.516,40
0.77,1,0.581,40
0.78,1,0.529,40
0.79,1,0.58,40
0.80,1,0.537,40
0.81,1,0.549,40
0.82,1,0.592,40
0.83,1,0.553,40
0.84,1,0.6,40
0.85,1,0.465,40
0.86,1,0.559,40
0.87,1,0.571,40
0.88,1,0.575,40
0.89,1,0.564,40
0.90,1,0.596,40
0.91,1,0.572,40
0.92,1,0.495,40
0.93,1,0.546,40
0.94,1,0.579,40
0.95,1,0.572,40
0.96,1,0.592,40
0.97,1,0.578,40
0.98,1,0.594,40
0.99,1,0.575,40
1.00,1,0.597,40
1.01,1,0.587,40
1.02,1,0.547,40
1.03,1,0.603,40
1.04,1,0.544,40
1.05,1,0.592,40
1.06,1,0.548,40
1.07,1,0.602,40
1.08,1,0.55,40
1.09,1,0.591,40
1.10,1,0.551,40
1.11,1,0.568,40
1.12,1,0.607,40
1.13,1,0.546,40
1.14,1,0.602,40
1.15,1,0.569,40
1.16,1,0.603,40
1.17,1,0.569,40
1.18,1,0.611,40
1.19,1,0.476,40
1.20,1,0.564,40
1.21,1,0.591,40
1.22,1,0.574,40
1.23,1,0.594,40
1.24,1,0.551,40
1.25,1,0.588,40
1.26,1,0.501,40
1.27,1,0.563,40
1.28,1,0.592,40
1.29,1,0.594,40
1.30,1,0.589,40
1.31,1,0.594,40
1.32,1,0.581,40
1.33,1,0.52,40
1.34,1,0.558,40
1.35,1,0.596,40
1.36,1,0.582,40
1.37,1,0.594,40
1.38,1,0.587,40
1.39,1,0.61,40
1.40,1,0.59,40
1.41,1,0.605,40
1.42,1,0.572,40
1.43,1,0.6,40
1.44,1,0.572,40
1.45,1,0.607,40
1.46,1,0.578,40
1.47,1,0.6,40
1.48,1,0.561,40
1.49,1,0.597,40
1.50,1,0.534,40
1.51,1,0.598,40
1.52,1,0.556,40
1.53,1,0.597,40
1.54,1,0.559,40
1.55,1,0.598,40
1.56,1,0.55,40
1.57,1,0.592,40
1.58,1,0.546,40
1.59,1,0.6,40
1.60,1,0.551,40
1.61,1,0.555,40
1.62,1,0.6,40
1.63,1,0.556,40
1.64,1,0.595,40
1.65,1,0.552,40
1.66,1,0.602,40
1.67,1,0.542,40
1.68,1,0.589,40
1.69,1,0.556,40
1.70,1,0.601,40
1.71,1,0.594,40
1.72,1,0.56,40
1.73,1,0.604,40
1.74,1,0.513,40
1.75,1,0.571,40
1.76,1,0.571,40
1.77,1,0.608,40
1.78,1,0.58,40
1.79,1,0.598,40
1.80,1,0.545,40
1.81,1,0.558,40
1.82,1,0.588,40
1.83,1,0.589,40
1.84,1,0.586,40
1.85,1,0.599,40
1.86,1,0.557,40
1.87,1,0.597,40
1.88,1,0.59,40
1.89,1,0.594,40
1.90,1,0.567,40
1.91,1,0.591,40
1.92,1,0.592,40
1.93,1,0.596,40
1.94,1,0.568,40
1.95,1,0.591,40
1.96,1,0.595,40
1.97,1,0.59,40
1.98,1,0.585,40
1.99,1,0.593,40
2.00,1,0.508,40
2.01,1,0.602,40
2.02,1,0.604,40
2.03,1,0.593,40
2.04,1,0.605,40
2.05,1,0.597,40
2.06,1,0.516,40
2.07,1,0.556,40
2.08,1,0.609,40
2.09,1,0.593,40
2.10,1,0.598,40
2.11,1,0.575,40
2.12,1,0.567,40
2.13,1,0.613,40
2.14,1,0.576,40
2.15,1,0.591,40
2.16,1,0.567,40
2.17,1,0.614,40
2.18,1,0.577,40
2.19,1,0.593,40
2.20,1,0.553,40
2.21,1,0.583,40
2.22,1,0.554,40
2.23,1,0.608,40
2.24,1,0.56,40
2.25,1,0.589,40
2.26,1,0.548,40
2.27,1,0.607,40
2.28,1,0.557,40
2.29,1,0.588,40
2.30,1,0.547,40
2.31,1,0.587,40
2.32,1,0.55,40
2.33,1,0.599,40
2.34,1,0.559,40
2.35,1,0.589,40
2.36,1,0.566,40
2.37,1,0.599,40
2.38,1,0.564,40
2.39,1,0.597,40
2.40,1,0.523,40
2.41,1,0.605,40
2.42,1,0.558,40
2.43,1,0.591,40
2.44,1,0.582,40
2.45,1,0.601,40
2.46,1,0.574,40
2.47,1,0.601,40
2.48,1,0.5,40
2.49,1,0.567,40
2.50,1,0.579,40
2.51,1,0.6,40
2.52,1,0.578,40
2.53,1,0.601,40
2.54,1,0.494,40
2.55,1,0.561,40
2.56,1,0.587,40
2.57,1,0.593,40
2.58,1,0.597,40
2.59,1,0.602,40
2.60,1,0.555,40
2.61,1,0.503,40
2.62,1,0.565,40
2.63,1,0.595,40
2.64,1,0.584,40
2.65,1,0.599,40
2.66,1,0.605,40
2.67,1,0.562,40
2.68,1,0.592,40
2.69,1,0.601,40
2.70,1,0.606,40
2.71,1,0.605,40
2.72,1,0.604,40
2.73,1,0.614,40
2.74,1,0.566,40
2.75,1,0.593,40
2.76,1,0.596,40
2.77,1,0.611,40
2.78,1,0.584,40
2.79,1,0.608,40
2.80,1,0.504,40
2.81,1,0.592,40
2.82,1,0.585,40
2.83,1,0.613,40
2.84,1,0.581,40
2.85,1,0.605,40
2.86,1,0.513,40
2.87,1,0.588,40
2.88,1,0.579,40
2.89,1,0.595,40
2.90,1,0.584,40
2.91,1,0.583,40
2.92,1,0.609,40
2.93,1,0.58,40
2.94,1,0.601,40
2.95,1,0.499,40
2.96,1,0.578,40
2.97,1,0.581,40
2.98,1,0.591,40
2.99,1,0.587,40
3.00,1,0.604,40
3.01,1,0.59,40
3.02,1,0.5,40
3.03,1,0.562,40
3.04,1,0.59,40
3.05,1,0.587,40
3.06,1,0.599,40
3.07,1,0.593,40
3.08,1,0.554,40
3.09,1,0.57,40
3.10,1,0.597,40
3.11,1,0.604,40
3.12,1,0.579,40
3.13,1,0.608,40
3.14,1,0.588,40
3.15,1,0.579,40
3.16,1,0.578,40
3.17,1,0.609,40
3.18,1,0.586,40
3.19,1,0.586,40
3.20,1,0.578,40
3.21,1,0.588,40
3.22,1,0.588,40
3.23,1,0.58,40
3.24,1,0.613,40
3.25,1,0.585,40
3.26,1,0.598,40
3.27,1,0.584,40
3.28,1,0.523,40
3.29,1,0.555,40
3.30,1,0.611,40
3.31,1,0.616,40
3.32,1,0.59,40
3.33,1,0.6,40
3.34,1,0.58,40
3.35,1,0.522,40
3.36,1,0.553,40
3.37,1,0.61,40
3.38,1,0.579,40
3.39,1,0.615,40
3.40,1,0.588,40
3.41,1,0.58,40
3.42,1,0.523,40
3.43,1,0.554,40
3.44,1,0.613,40
3.45,1,0.585,40
3.46,1,0.618,40
3.47,1,0.591,40
3.48,1,0.602,40
3.49,1,0.581,40
3.50,1,0.616,40
3.51,1,0.585,40
3.52,1,0.62,40
3.53,1,0.601,40
3.54,1,0.595,40
3.55,1,0.583,40
3.56,1,0.616,40
3.57,1,0.601,40
3.58,1,0.582,40
3.59,1,0.582,40
3.60,1,0.526,40
3.61,1,0.613,40
3.62,1,0.572,40
3.63,1,0.585,40
3.64,1,0.607,40
3.65,1,0.614,40
3.66,1,0.582,40
3.67,1,0.596,40
3.68,1,0.503,40
3.69,1,0.583,40
3.70,1,0.605,40
3.71,1,0.597,40
3.72,1,0.624,40
3.73,1,0.59,40
3.74,1,0.607,40
3.75,1,0.495,40
3.76,1,0.59,40
3.77,1,0.594,40
3.78,1,0.605,40
3.79,1,0.591,40
3.80,1,0.63,40
3.81,1,0.562,40
3.82,1,0.605,40
3.83,1,0.577,40
3.84,1,0.627,40
3.85,1,0.582,40
3.86,1,0.618,40
3.87,1,0.507,40
3.88,1,0.603,40
3.89,1,0.579,40
3.90,1,0.618,40
3.91,1,0.618,40
3.92,1,0.573,40
3.93,1,0.629,40
3.94,1,0.562,40
3.95,1,0.611,40
3.96,1,0.574,40
3.97,1,0.632,40
3.98,1,0.58,40
3.99,1,0.624,40
4.00,1,0.521,40
4.01,1,0.625,40
4.02,1,0.564,40
4.03,1,0.617,40
4.04,1,0.567,40
4.05,1,0.63,40
4.06,1,0.572,40
4.07,1,0.627,40
4.08,1,0.536,40
4.09,1,0.622,40
4.10,1,0.564,40
4.11,1,0.558,40
4.12,1,0.632,40
4.13,1,0.559,40
4.14,1,0.629,40
4.15,1,0.551,40
4.16,1,0.632,40
4.17,1,0.556,40
4.18,1,0.625,40
4.19,1,0.552,40
4.20,1,0.63,40
4.21,1,0.62,40
4.22,1,0.571,40
4.23,1,0.636,40
4.24,1,0.561,40
4.25,1,0.623,40
4.26,1,0.562,40
4.27,1,0.628,40
4.28,1,0.565,40
4.29,1,0.622,40
4.30,1,0.565,40
4.31,1,0.578,40
4.32,1,0.63,40
4.33,1,0.57,40
4.34,1,0.621,40
4.35,1,0.577,40
4.36,1,0.629,40
4.37,1,0.538,40
4.38,1,0.603,40
4.39,1,0.582,40
4.40,1,0.631,40
4.41,1,0.632,40
4.42,1,0.576,40
4.43,1,0.62,40
4.44,1,0.585,40
4.45,1,0.63,40
4.46,1,0.546,40
4.47,1,0.589,40
4.48,1,0.582,40
4.49,1,0.629,40
4.50,1,0.564,40
4.51,1,0.568,40
4.52,1,0.618,40
4.53,1,0.521,40
4.54,1,0.598,40
4.55,1,0.559,40
4.56,1,0.618,40
4.57,1,0.537,40
4.58,1,0.604,40
4.59,1,0.543,40
4.60,1,0.612,40
4.61,1,0.51,40
4.62,1,0.595,40
4.63,1,0.545,40
4.64,1,0.596,40
4.65,1,0.554,40
4.66,1,0.607,40
4.67,1,0.534,40
4.68,1,0.583,40
4.69,1,0.56,40
4.70,1,0.596,40
4.71,1,0.585,40
4.72,1,0.565,40
4.73,1,0.582,40
4.74,1,0.588,40
4.75,1,0.593,40
4.76,1,0.564,40
4.77,1,0.59,40
4.78,1,0.568,40
4.79,1,0.607,40
4.80,1,0.524,40
4.81,1,0.539,40
4.82,1,0.604,40
4.83,1,0.522,40
4.84,1,0.591,40
4.85,1,0.541,40
4.86,1,0.602,40
4.87,1,0.53,40
4.88,1,0.594,40
4.89,1,0.485,40
4.90,1,0.581,40
4.91,1,0.579,40
4.92,1,0.564,40
4.93,1,0.59,40
4.94,1,0.547,40
4.95,1,0.567,40
4.96,1,0.492,40
4.97,1,0.556,40
4.98,1,0.589,40
4.99,1,0.564,40
5.00,1,0.586,40
5.01,1,0.607,40
5.02,1,0.514,40
5.03,1,0.587,40
5.04,1,0.548,40
5.05,1,0.61,40
5.06,1,0.523,40
5.07,1,0.591,40
5.08,1,0.537,40
5.09,1,0.605,40
5.10,1,0.527,40
5.11,1,0.471,40
5.12,1,0.569,40
5.13,1,0.554,40
5.14,1,0.566,40
5.15,1,0.561,40
5.16,1,0.598,40
5.17,1,0.535,40
5.18,1,0.575,40
5.19,1,0.572,40
5.20,1,0.588,40
5.21,1,0.56,40
5.22,1,0.586,40
5.23,1,0.575,40
5.24,1,0.611,40
5.25,1,0.56,40
5.26,1,0.591,40
5.27,1,0.549,40
5.28,1,0.604,40
5.29,1,0.52,40
5.30,1,0.588,40
5.31,1,0.611,40
5.32,1,0.53,40
5.33,1,0.592,40
5.34,1,0.557,40
5.35,1,0.61,40
5.36,1,0.544,40
5.37,1,0.605,40
5.38,1,0.492,40
5.39,1,0.586,40
5.40,1,0.549,40
5.41,1,0.598,40
5.42,1,0.545,40
5.43,1,0.58,40
5.44,1,0.497,40
5.45,1,0.568,40
5.46,1,0.582,40
5.47,1,0.58,40
5.48,1,0.584,40
5.49,1,0.594,40
5.50,1,0.578,40
5.51,1,0.536,40
5.52,1,0.58,40
5.53,1,0.574,40
5.54,1,0.611,40
5.55,1,0.551,40
5.56,1,0.589,40
5.57,1,0.55,40
5.58,1,0.606,40
5.59,1,0.541,40
5.60,1,0.586,40
5.61,1,0.603,40
5.62,1,0.54,40
5.63,1,0.597,40
5.64,1,0.566,40
5.65,1,0.615,40
5.66,1,0.53,40
5.67,1,0.59,40
5.68,1,0.573,40
5.69,1,0.613,40
5.70,1,0.551,40
5.71,1,0.579,40
5.72,1,0.611,40
5.73,1,0.532,40
5.74,1,0.583,40
5.75,1,0.581,40
5.76,1,0.602,40
5.77,1,0.547,40
5.78,1,0.581,40
5.79,1,0.505,40
5.80,1,0.575,40
5.81,1,0.579,40
5.82,1,0.588,40
5.83,1,0.585,40
5.84,1,0.603,40
5.85,1,0.552,40
5.86,1,0.571,40
5.87,1,0.573,40
5.88,1,0.6,40
5.89,1,0.554,40
5.90,1,0.583,40
5.91,1,0.602,40
5.92,1,0.538,40
5.93,1,0.589,46.8
5.94,1,0.552,57.3
5.95,1,0.675,61.5
5.96,1,0.706,63
5.97,1,0.832,63.4
5.98,1,0.981,60.9
5.99,1,1.058,57.5
6.00,1,1.065,55.3
6.01,1,1.235,44.7
6.02,1,1.187,42.9
6.03,1,1.025,44.2
6.04,1,0.894,48.4
6.05,1,0.989,50.1
6.06,1,1.055,48.2
6.07,1,1.067,46.4
6.08,1,0.976,46.8
6.09,1,0.977,48.3
6.10,1,1.02,48
6.11,1,0.93,50
6.12,1,0.95,51.3
6.13,1,1.012,50.6
6.14,1,1.029,49.5
6.15,1,0.974,49.7
6.16,1,0.95,51
6.17,1,1.007,51
6.18,1,1.048,49.6
6.19,1,0.996,49.3
6.20,1,0.966,50.3
6.21,1,1.053,48.8
6.22,1,0.991,49.1
6.23,1,0.944,50.7
6.24,1,0.942,52.1
6.25,1,1.03,51.4
6.26,1,0.994,50.5
6.27,1,0.941,51.8
6.28,1,0.915,53.6
6.29,1,1.031,53.1
6.30,1,1.091,50.2
6.31,1,1.036,47.2
6.32,1,0.981,48.5
6.33,1,0.953,50
6.34,1,1.022,49.9
6.35,1,1.025,48.8
6.36,1,0.931,49.9
6.37,1,0.978,51
6.38,1,1.031,50
6.39,1,1.032,48.8
6.40,1,0.964,49.5
6.41,1,0.953,50.9
6.42,1,0.936,52.3
6.43,1,1.028,51.8
6.44,1,1.06,49.9
6.45,1,0.945,50.4
6.46,1,0.837,54.3
6.47,1,0.983,55.3
6.48,1,1.077,52.3
6.49,1,1.111,49.4
6.50,1,1.054,48.4
6.51,1,1.029,49.3
6.52,1,1.025,48.3
6.53,1,0.929,49.6
6.54,1,0.832,53.3
6.55,1,0.978,54.2
6.56,1,1.01,52.1
6.57,1,1.01,51.3
6.58,1,0.952,52
6.59,1,1.039,51.8
6.60,1,1.095,49.5
6.61,1,0.944,48.2
6.62,1,0.917,50.4
6.63,1,1.005,50.4
6.64,1,1.026,49
6.65,1,0.943,49.6
6.66,1,0.967,50.8
6.67,1,1.016,50.2
6.68,1,1.032,49.1
6.69,1,0.994,49.1
6.70,1,0.94,50.4
6.71,1,0.997,51.7
6.72,1,0.958,52.2
6.73,1,0.932,53.6
6.74,1,1.054,52.7
6.75,1,1.11,49.7
6.76,1,1.099,47.6
6.77,1,1.042,47.5
6.78,1,1.002,48.5
6.79,1,1.052,48.3
6.80,1,1.073,46.8
6.81,1,0.932,49.9
6.82,1,0.969,51
6.83,1,1.022,50.1
6.84,1,1.029,49.1
6.85,1,0.989,49.2
6.86,1,0.947,50.5
6.87,1,0.897,52.6
6.88,1,1.005,52.6
6.89,1,0.999,51.4
6.90,1,0.953,52
6.91,1,1.064,48.5
6.92,1,1.077,46.8
6.93,1,1.024,46.6
6.94,1,0.945,48.4
6.95,1,0.922,50.5
6.96,1,1.014,50.3
6.97,1,1.018,49
6.98,1,0.926,50
6.99,1,0.974,51.2
7.00,1,1.031,50
7.01,1,0.979,50.7
7.02,1,0.932,52.1
7.03,1,0.925,53.6
7.04,1,1.048,52.6
7.05,1,1.085,49.9
7.06,1,0.995,49.7
7.07,1,0.942,51.7
7.08,1,1.014,52
7.09,1,1.094,49.7
7.10,1,1.104,47.3
7.11,1,1.039,48.1
7.12,1,0.95,49
7.13,1,0.965,50.3
7.14,1,1.024,49.8
7.15,1,1.04,48.4
7.16,1,0.99,48.5
7.17,1,0.934,50.1
7.18,1,0.892,52.4
7.19,1,0.991,52.6
7.20,1,0.98,51.7
7.21,1,1.01,50
7.22,1,1.076,48.9
7.23,1,1.085,47
7.24,1,1.028,46.7
7.25,1,0.951,48.5
7.26,1,0.93,50.4
7.27,1,1.029,50
7.28,1,1.022,48.6
7.29,1,0.927,49.9
7.30,1,0.964,51.2
7.31,1,1.009,51.8
7.32,1,0.995,50.9
7.33,1,0.939,51.9
7.34,1,0.922,53.6
7.35,1,1.05,52.6
7.36,1,1.09,49.8
7.37,1,1.044,48.8
7.38,1,0.969,50
7.39,1,1.011,50.7
7.40,1,1.082,49.1
7.41,1,1.017,48.3
7.42,1,0.917,49.9
7.43,1,0.973,51.2
7.44,1,1.038,49.9
7.45,1,1.038,48.5
7.46,1,0.966,49.2
7.47,1,0.942,50.8
7.48,1,0.985,51.2
7.49,1,1.028,50.1
7.50,1,0.982,50
7.51,1,0.937,50.4
7.52,1,0.848,54.2
7.53,1,1.002,54.6
7.54,1,1.1,51.2
7.55,1,1.099,48.6
7.56,1,1.025,48.5
7.57,1,0.997,49.7
7.58,1,0.992,50.2
7.59,1,1.078,49.1
7.60,1,1.06,47.4
7.61,1,0.921,48.8
7.62,1,0.834,52.6
7.63,1,0.983,53.3
7.64,1,0.987,51.7
7.65,1,0.953,52
7.66,1,0.916,53.6
7.67,1,1.039,53
7.68,1,1.109,49.9
7.69,1,1.104,47.5
7.70,1,1.031,47.5
7.71,1,0.92,50.6
7.72,1,1.019,50.3
7.73,1,1.011,49
7.74,1,0.916,50.3
7.75,1,0.952,51.9
7.76,1,1.035,50.7
7.77,1,1.057,48.9
7.78,1,0.995,48.8
7.79,1,0.938,50.5
7.80,1,0.902,52.7
7.81,1,0.995,49.4
7.82,1,1.057,48.8
7.83,1,1.081,46.9
7.84,1,1.027,46.5
7.85,1,0.944,48.3
7.86,1,0.933,50.2
7.87,1,1.024,49.9
7.88,1,0.999,48.9
7.89,1,0.902,50.6
7.90,1,0.967,51.9
7.91,1,0.988,51.8
7.92,1,1.046,50.3
7.93,1,1.001,49.8
7.94,1,0.937,51.2
7.95,1,0.936,52.8
7.96,1,1.048,51.8
7.97,1,1.07,49.5
7.98,1,0.966,50
7.99,1,0.869,53.2
8.00,1,0.996,54
8.01,1,0.976,50.2
8.02,1,1.065,49.3
8.03,1,1.056,47.6
8.04,1,0.954,48.7
8.05,1,0.966,50.2
8.06,1,1.015,49.9
8.07,1,1.054,48.5
8.08,1,0.994,48.2
8.09,1,0.921,50.2
8.10,1,0.851,53.3
8.11,1,1.047,53.6
8.12,1,1.121,50.1
8.13,1,1.114,47.6
8.14,1,1.027,47.7
8.15,1,0.989,49.3
8.16,1,1.05,49.1
8.17,1,1.092,47.1
8.18,1,1.056,46
8.19,1,0.941,47.7
8.20,1,0.911,50.4
8.21,1,0.984,48.9
8.22,1,0.93,50.8
8.23,1,0.898,53
8.24,1,1.016,52.7
8.25,1,1.004,51.2
8.26,1,0.932,52.3
8.27,1,0.913,54.3
8.28,1,1.05,53.3
8.29,1,1.115,50
8.30,1,1.105,47.7
8.31,1,1.021,50
8.32,1,1.003,48.9
8.33,1,0.91,50.4
8.34,1,0.966,51.7
8.35,1,1.041,50.2
8.36,1,1.043,48.7
8.37,1,0.942,49.8
8.38,1,0.925,51.9
8.39,1,1.013,51.7
8.40,1,1.054,49.9
8.41,1,0.984,55.6
8.42,1,1.082,52.1
8.43,1,1.079,49.6
8.44,1,0.995,49.9
8.45,1,1.012,50.7
8.46,1,1.052,49.9
8.47,1,1.109,47.8
8.48,1,1.076,46.3
8.49,1,0.96,47.8
8.50,1,0.971,49.7
8.51,1,0.972,48
8.52,1,0.924,50
8.53,1,0.953,51.2
8.54,1,1.017,50.3
8.55,1,0.957,50.3
8.56,1,0.923,52
8.57,1,0.975,52.5
8.58,1,1.06,50.7
8.59,1,1.059,48.9
8.60,1,0.94,50
8.61,1,1.091,49.5
8.62,1,1.016,49.3
8.63,1,1.008,50.2
8.64,1,1.031,50
8.65,1,1.101,48.3
8.66,1,1.087,46.4
8.67,1,0.98,47.3
8.68,1,0.965,49.3
8.69,1,1.022,49.1
8.70,1,1.052,47.7
8.71,1,0.92,52.2
8.72,1,0.92,53.8
8.73,1,1.045,52.7
8.74,1,1.089,49.9
8.75,1,1.002,49.5
8.76,1,0.901,52.2
8.77,1,0.996,53.2
8.78,1,1.086,50.6
8.79,1,1.115,47.9
8.80,1,1.06,46.9
8.81,1,0.959,50
8.82,1,1.017,49.9
8.83,1,1.055,48.3
8.84,1,1.016,47.8
8.85,1,0.938,49.3
8.86,1,0.844,52.6
8.87,1,0.986,53.4
8.88,1,1,51.7
8.89,1,0.933,52.3
8.90,1,0.914,54.2
8.91,1,1.085,47.1
8.92,1,1.045,46.3
8.93,1,0.946,47.9
8.94,1,0.92,50.3
8.95,1,1.013,50.2
8.96,1,1.021,48.8
8.97,1,0.931,49.8
8.98,1,0.956,51.2
8.99,1,1.025,50.4
9.00,1,1.058,48.7
9.01,1,0.918,53.5
9.02,1,1.044,52.6
9.03,1,1.096,49.7
9.04,1,1.037,48.6
9.05,1,0.956,50.2
9.06,1,1.008,51
9.07,1,1.073,49.4
9.08,1,1.092,47.3
9.09,1,1.032,46.9
9.10,1,0.966,48.4
9.11,1,0.932,49.6
9.12,1,0.96,51
9.13,1,1.026,50.1
9.14,1,1.042,48.7
9.15,1,0.971,49.1
9.16,1,0.947,50.6
9.17,1,0.977,51.2
9.18,1,1.033,50.2
9.19,1,0.99,49.8
9.20,1,0.939,51.1
9.21,1,0.977,55.5
9.22,1,1.078,52.3
9.23,1,1.098,49.5
9.24,1,1.038,48.8
9.25,1,1.014,49.6
9.26,1,1.003,50
9.27,1,1.078,49
9.28,1,1.08,47.1
9.29,1,0.99,47.6
9.30,1,0.967,49.3
9.31,1,0.984,52.2
9.32,1,0.937,52.7
9.33,1,0.918,54.2
9.34,1,1.038,53.4
9.35,1,1.104,50.3
9.36,1,1.096,48.3
9.37,1,1.015,48.5
9.38,1,1.01,49.5
9.39,1,1.047,49
9.40,1,1.075,47.6
9.41,1,0.961,51
9.42,1,1.023,50.3
9.43,1,1.046,48.9
9.44,1,0.984,49
9.45,1,0.951,50.4
9.46,1,0.925,52
9.47,1,1.01,51.8
9.48,1,0.997,50.8
9.49,1,0.943,51.8
9.50,1,0.927,53.4
9.51,1,1.009,51.2
9.52,1,1.063,49.7
9.53,1,1.08,47.9
9.54,1,1.032,47.4
9.55,1,0.978,48.6
9.56,1,0.975,49.8
9.57,1,1.034,49.2
9.58,1,1.023,48.2
9.59,1,0.929,49.6
9.60,1,0.963,51
9.61,1,0.972,51.2
9.62,1,1.019,50.5
9.63,1,0.981,50.2
9.64,1,0.945,51.4
9.65,1,0.98,52
9.66,1,1.051,50.6
9.67,1,1.061,48.9
9.68,1,0.944,50
9.69,1,0.809,54.3
9.70,1,0.984,55.4
9.71,1,1.064,47
9.72,1,0.968,48.1
9.73,1,0.975,49.6
9.74,1,1.034,49
9.75,1,1.051,47.6
9.76,1,1.006,47.4
9.77,1,0.941,49
9.78,1,0.872,51.7
9.79,1,0.974,52.5
9.80,1,0.97,51.7
9.81,1,1.027,49.1
9.82,1,0.938,50.9
9.83,1,1.014,51.6
9.84,1,1.07,49.7
9.85,1,1.085,47.8
9.86,1,1.041,47.3
9.87,1,0.974,48.5
9.88,1,0.965,50
9.89,1,1.029,49.6
9.90,1,1.025,48.5
9.91,1,0.88,52
9.92,1,0.987,52.6
9.93,1,0.989,51.4
9.94,1,0.939,52.1
9.95,1,0.933,53.5
9.96,1,1.043,52.6
9.97,1,1.092,49.9
9.98,1,1.057,48.6
9.99,1,0.966,49.8
10.00,1,1.013,50.6
10.01,1,0.969,49.6
10.02,1,1.022,49.3
10.03,1,1.01,48.6
10.04,1,0.923,50
10.05,1,0.972,51.1
10.06,1,1.041,49.9
10.07,1,1.042,48.4
10.08,1,0.971,48.9
10.09,1,0.95,50.5
10.10,1,0.969,51.1
10.11,1,1.051,49
10.12,1,0.939,50.1
10.13,1,0.818,54.3
10.14,1,0.995,55.1
10.15,1,1.071,51.8
10.16,1,1.076,49.7
10.17,1,1.022,49.5
10.18,1,1.024,49.9
10.19,1,1.042,49.4
10.20,1,1.082,48
10.21,1,0.994,47.4
10.22,1,0.944,49
10.23,1,0.892,51.2
10.24,1,0.985,51.7
10.25,1,0.963,51.1
10.26,1,0.929,52.2
10.27,1,0.961,52.9
10.28,1,1.045,51.5
10.29,1,1.064,49.6
10.30,1,0.96,50.1
10.31,1,0.996,49.7
10.32,1,1.056,49
10.33,1,1.053,47.7
10.34,1,0.966,48.5
10.35,1,0.974,49.9
10.36,1,1.042,49.1
10.37,1,1.05,47.6
10.38,1,0.996,47.7
10.39,1,0.93,49.6
10.40,1,0.859,52.5
10.41,1,1.071,48.1
10.42,1,0.981,49.2
10.43,1,1.008,50.2
10.44,1.5,1.064,57.4
10.45,1.5,1.115,67.1
10.46,1.5,1.141,71.1
10.47,1.5,1.182,74
10.48,1.5,1.187,76.6
10.49,1.5,1.313,77.7
10.50,1.5,1.421,76.1
10.51,1.5,1.603,63.8
10.52,1.5,1.715,60.5
10.53,1.5,1.716,56.7
10.54,1.5,1.569,56.5
10.55,1.5,1.475,59.2
10.56,1.5,1.468,61.2
10.57,1.5,1.549,60.6
10.58,1.5,1.595,58.4
10.59,1.5,1.618,56.1
10.60,1.5,1.417,57.8
10.61,1.5,1.423,70.1
10.62,1.5,1.526,67.7
10.63,1.5,1.657,63.6
10.64,1.5,1.674,59.6
10.65,1.5,1.555,59.1
10.66,1.5,1.454,61.8
10.67,1.5,1.457,63.8
10.68,1.5,1.56,62.8
10.69,1.5,1.626,59.7
10.70,1.5,1.649,56.9
10.71,1.5,1.577,63.8
10.72,1.5,1.652,60.3
10.73,1.5,1.648,57.6
10.74,1.5,1.473,58.7
10.75,1.5,1.443,61.8
10.76,1.5,1.342,64.9
10.77,1.5,1.406,67
10.78,1.5,1.448,66.7
10.79,1.5,1.586,64.3
10.80,1.5,1.647,60.4
10.81,1.5,1.676,63.1
10.82,1.5,1.572,60.8
10.83,1.5,1.566,61.2
10.84,1.5,1.47,62.3
10.85,1.5,1.498,63.4
10.86,1.5,1.593,61.8
10.87,1.5,1.648,58.7
10.88,1.5,1.65,56
10.89,1.5,1.594,55.1
10.90,1.5,1.421,57.8
10.91,1.5,1.545,66
10.92,1.5,1.632,62.1
10.93,1.5,1.637,59
10.94,1.5,1.354,62
10.95,1.5,1.394,66.6
10.96,1.5,1.383,68
10.97,1.5,1.45,68.3
10.98,1.5,1.602,65.5
10.99,1.5,1.68,60.9
11.00,1.5,1.669,57.8
11.01,1.5,1.605,58.3
11.02,1.5,1.612,56.4
11.03,1.5,1.565,55.7
11.04,1.5,1.435,57.8
11.05,1.5,1.183,64.5
11.06,1.5,1.273,70.1
11.07,1.5,1.3,71.6
11.08,1.5,1.381,71.8
11.09,1.5,1.541,69.2
11.10,1.5,1.661,64.5
11.11,1.5,1.628,56.5
11.12,1.5,1.56,56
11.13,1.5,1.519,56.9
11.14,1.5,1.417,59.1
11.15,1.5,1.25,64.2
11.16,1.5,1.261,69.2
11.17,1.5,1.345,70.7
11.18,1.5,1.464,69.2
11.19,1.5,1.609,65.4
11.20,1.5,1.674,60.9
11.21,1.5,1.599,59.8
11.22,1.5,1.619,57.4
11.23,1.5,1.583,56.2
11.24,1.5,1.537,56.5
11.25,1.5,1.43,58.6
11.26,1.5,1.228,64.2
11.27,1.5,1.257,69.6
11.28,1.5,1.325,71.2
11.29,1.5,1.443,70.2
11.30,1.5,1.597,66.5
11.31,1.5,1.491,62.6
11.32,1.5,1.577,61.1
11.33,1.5,1.624,58.3
11.34,1.5,1.623,56.1
11.35,1.5,1.556,55.8
11.36,1.5,1.514,56.8
11.37,1.5,1.411,59
11.38,1.5,1.227,64.6
11.39,1.5,1.252,69.8
11.40,1.5,1.325,71.4
11.41,1.5,1.502,62.2
11.42,1.5,1.553,60.9
11.43,1.5,1.608,58.7
11.44,1.5,1.614,56.6
11.45,1.5,1.566,55.9
11.46,1.5,1.524,56.6
11.47,1.5,1.414,58.8
11.48,1.5,1.212,64.7
11.49,1.5,1.254,70
11.50,1.5,1.328,71.4
11.51,1.5,1.58,58.1
11.52,1.5,1.464,60.4
11.53,1.5,1.493,62.1
11.54,1.5,1.547,61.1
11.55,1.5,1.606,58.9
11.56,1.5,1.612,56.8
11.57,1.5,1.567,56.1
11.58,1.5,1.526,56.6
11.59,1.5,1.413,58.8
11.60,1.5,1.211,64.8
11.61,1.5,1.574,58.7
11.62,1.5,1.466,60.9
11.63,1.5,1.508,62.2
11.64,1.5,1.574,60.8
11.65,1.5,1.624,58.3
11.66,1.5,1.612,56.3
11.67,1.5,1.534,56.4
11.68,1.5,1.506,57.6
11.69,1.5,1.403,59.7
11.70,1.5,1.246,64.9
11.71,1.5,1.636,58.5
11.72,1.5,1.54,58.8
11.73,1.5,1.445,61.3
11.74,1.5,1.481,62.8
11.75,1.5,1.541,61.8
11.76,1.5,1.598,59.5
11.77,1.5,1.607,57.5
11.78,1.5,1.563,56.8
11.79,1.5,1.53,57.2
11.80,1.5,1.414,59.3
11.81,1.5,1.416,59.2
11.82,1.5,1.235,64.7
11.83,1.5,1.272,69.6
11.84,1.5,1.338,71
11.85,1.5,1.456,69.8
11.86,1.5,1.596,66.2
11.87,1.5,1.669,61.8
11.88,1.5,1.653,58.9
11.89,1.5,1.578,58.5
11.90,1.5,1.466,60.5
11.91,1.5,1.653,58.9
11.92,1.5,1.578,58.5
11.93,1.5,1.466,60.5
11.94,1.5,1.492,62.2
11.95,1.5,1.544,61.3
11.96,1.5,1.595,59.2
11.97,1.5,1.605,57.3
11.98,1.5,1.573,56.4
11.99,1.5,1.51,57.1
12.00,1.5,1.409,59.5
12.01,1.5,1.459,69.9
12.02,1.5,1.599,66.2
12.03,1.5,1.561,63.6
12.04,1.5,1.617,62.2
12.05,1.5,1.565,61.1
12.06,1.5,1.492,62.2
12.07,1.5,1.556,62.2
12.08,1.5,1.615,60
12.09,1.5,1.644,57.4
12.10,1.5,1.616,55.7
12.11,1.5,1.508,66
12.12,1.5,1.589,62.9
12.13,1.5,1.632,59.8
12.14,1.5,1.467,60.4
12.15,1.5,1.488,62.5
12.16,1.5,1.442,63.4
12.17,1.5,1.41,65.2
12.18,1.5,1.477,65.6
12.19,1.5,1.557,63.7
12.20,1.5,1.622,60.8
12.21,1.5,1.38,65.7
12.22,1.5,1.418,66.7
12.23,1.5,1.531,65.2
12.24,1.5,1.61,61.9
12.25,1.5,1.634,59
12.26,1.5,1.399,60.9
12.27,1.5,1.438,64.4
12.28,1.5,1.4,65.7
12.29,1.5,1.433,66.8
12.30,1.5,1.535,65.4
12.31,1.5,1.349,65.6
12.32,1.5,1.453,66.4
12.33,1.5,1.529,64.4
12.34,1.5,1.62,61.3
12.35,1.5,1.644,58.3
12.36,1.5,1.52,58.2
12.37,1.5,1.313,63
12.38,1.5,1.327,67.7
12.39,1.5,1.423,68.3
12.40,1.5,1.534,66.1
12.41,1.5,1.485,63.2
12.42,1.5,1.538,62.1
12.43,1.5,1.593,60
12.44,1.5,1.617,57.8
12.45,1.5,1.541,57.3
12.46,1.5,1.52,58.2
12.47,1.5,1.416,60.1
12.48,1.5,1.303,64.3
12.49,1.5,1.303,68.2
12.50,1.5,1.405,68.9
12.51,1.5,1.44,63.6
12.52,1.5,1.485,63.6
12.53,1.5,1.552,62.1
12.54,1.5,1.605,59.6
12.55,1.5,1.617,57.5
12.56,1.5,1.585,56.4
12.57,1.5,1.465,57.9
12.58,1.5,1.267,63.2
12.59,1.5,1.286,68.3
12.60,1.5,1.365,69.5
12.61,1.5,1.579,57.6
12.62,1.5,1.47,59.4
12.63,1.5,1.44,61.9
12.64,1.5,1.442,63.1
12.65,1.5,1.508,62.8
12.66,1.5,1.577,60.7
12.67,1.5,1.61,58.3
12.68,1.5,1.6,56.6
12.69,1.5,1.476,57.7
12.70,1.5,1.235,63.5
12.71,1.5,1.687,59.3
12.72,1.5,1.62,57.8
12.73,1.5,1.483,59.5
12.74,1.5,1.488,61.6
12.75,1.5,1.529,61.3
12.76,1.5,1.582,59.6
12.77,1.5,1.617,57.4
12.78,1.5,1.581,56.1
12.79,1.5,1.549,56.2
12.80,1.5,1.437,58.1
12.81,1.5,1.663,62.9
12.82,1.5,1.672,59.1
12.83,1.5,1.608,57.9
12.84,1.5,1.472,59.8
12.85,1.5,1.468,62.1
12.86,1.5,1.516,62.1
12.87,1.5,1.576,60.3
12.88,1.5,1.616,58
12.89,1.5,1.604,56.2
12.90,1.5,1.563,55.8
12.91,1.5,1.56,67.3
12.92,1.5,1.591,64.1
12.93,1.5,1.652,61.4
12.94,1.5,1.596,59.7
12.95,1.5,1.485,61.1
12.96,1.5,1.524,62.2
12.97,1.5,1.59,60.6
12.98,1.5,1.634,58
12.99,1.5,1.632,55.8
13.00,1.5,1.51,56.4
13.01,1.5,1.517,67.4
13.02,1.5,1.624,63.6
13.03,1.5,1.62,60.6
13.04,1.5,1.603,59.3
13.05,1.5,1.52,59.8
13.06,1.5,1.425,62.3
13.07,1.5,1.449,64.2
13.08,1.5,1.528,63.3
13.09,1.5,1.593,60.9
13.10,1.5,1.628,58.3
13.11,1.5,1.356,70.8
13.12,1.5,1.491,69
13.13,1.5,1.612,65.1
13.14,1.5,1.668,61
13.15,1.5,1.639,58.7
13.16,1.5,1.546,58.8
13.17,1.5,1.438,61.5
13.18,1.5,1.46,63.4
13.19,1.5,1.53,62.7
13.20,1.5,1.585,60.5
13.21,1.5,1.315,71.7
13.22,1.5,1.426,71.1
13.23,1.5,1.562,67.9
13.24,1.5,1.671,63.4
13.25,1.5,1.682,59.6
13.26,1.5,1.608,58.5
13.27,1.5,1.475,60.4
13.28,1.5,1.497,62.3
13.29,1.5,1.553,61.4
13.30,1.5,1.588,59.5
13.31,1.5,1.234,70.8
13.32,1.5,1.281,72.9
13.33,1.5,1.388,72.8
13.34,1.5,1.535,70.1
13.35,1.5,1.667,65.3
13.36,1.5,1.688,61
13.37,1.5,1.625,59.3
13.38,1.5,1.5,60.8
13.39,1.5,1.534,62.1
13.40,1.5,1.601,60.5
13.41,1.5,1.384,60.6
13.42,1.5,1.254,65.5
13.43,1.5,1.265,70
13.44,1.5,1.34,71.5
13.45,1.5,1.472,70
13.46,1.5,1.603,66.2
13.47,1.5,1.674,61.8
13.48,1.5,1.647,59
13.49,1.5,1.549,59.2
13.50,1.5,1.448,61.7
13.51,1.5,1.535,56.9
13.52,1.5,1.417,59.1
13.53,1.5,1.208,65.2
13.54,1.5,1.261,70.5
13.55,1.5,1.303,72.1
13.56,1.5,1.429,71.6
13.57,1.5,1.579,68
13.58,1.5,1.683,63.1
13.59,1.5,1.677,59.5
13.60,1.5,1.588,58.8
13.61,1.5,1.544,56
13.62,1.5,1.503,57.2
13.63,1.5,1.401,59.6
13.64,1.5,1.212,65.3
13.65,1.5,1.26,70.4
13.66,1.5,1.317,71.8
13.67,1.5,1.42,71.3
13.68,1.5,1.576,67.9
13.69,1.5,1.678,63.1
13.70,1.5,1.669,59.6
13.71,1.5,1.515,56.8
13.72,1.5,1.488,58.6
13.73,1.5,1.397,60.8
13.74,1.5,1.258,65.5
13.75,1.5,1.28,69.8
13.76,1.5,1.37,70.7
13.77,1.5,1.504,68.7
13.78,1.5,1.624,64.6
13.79,1.5,1.645,61
13.80,1.5,1.615,59.3
13.81,1.5,1.63,57.3
13.82,1.5,1.532,57.2
13.83,1.5,1.496,58.7
13.84,1.5,1.405,61
13.85,1.5,1.299,65.1
13.86,1.5,1.311,68.7
13.87,1.5,1.418,69
13.88,1.5,1.533,66.6
13.89,1.5,1.628,62.9
13.90,1.5,1.577,60.8
13.91,1.5,1.521,64
13.92,1.5,1.594,61.6
13.93,1.5,1.631,58.8
13.94,1.5,1.585,57.5
13.95,1.5,1.538,57.9
13.96,1.5,1.434,59.9
13.97,1.5,1.3,64.4
13.98,1.5,1.307,68.4
13.99,1.5,1.411,69
14.00,1.5,1.525,66.8
14.01,1.5,1.509,63.7
14.02,1.5,1.576,61.6
14.03,1.5,1.619,59
14.04,1.5,1.604,57.3
14.05,1.5,1.554,57.1
14.06,1.5,1.448,58.9
14.07,1.5,1.255,64.2
14.08,1.5,1.284,69.2
14.09,1.5,1.363,70.3
14.10,1.5,1.486,68.7
14.11,1.5,1.454,60.8
14.12,1.5,1.492,62.2
14.13,1.5,1.535,61.3
14.14,1.5,1.58,59.5
14.15,1.5,1.604,57.6
14.16,1.5,1.591,56.2
14.17,1.5,1.539,56.2
14.18,1.5,1.426,58.5
14.19,1.5,1.191,64.8
14.20,1.5,1.283,70
14.21,1.5,1.62,58.1
14.22,1.5,1.498,59.5
14.23,1.5,1.504,61.3
14.24,1.5,1.553,60.7
14.25,1.5,1.595,58.7
14.26,1.5,1.614,56.8
14.27,1.5,1.577,55.8
14.28,1.5,1.524,56.3
14.29,1.5,1.423,58.6
14.30,1.5,1.212,64.3
14.31,1.5,1.669,58
14.32,1.5,1.568,57.8
14.33,1.5,1.477,59.8
14.34,1.5,1.518,60.8
14.35,1.5,1.568,59.5
14.36,1.5,1.595,57.7
14.37,1.5,1.598,56.1
14.38,1.5,1.56,55.5
14.39,1.5,1.513,56.2
14.40,1.5,1.41,58.5
14.41,1.5,1.635,64.8
14.42,1.5,1.691,60.5
14.43,1.5,1.648,58.1
14.44,1.5,1.493,59.4
14.45,1.5,1.474,62
14.46,1.5,1.522,62.2
14.47,1.5,1.581,60.4
14.48,1.5,1.616,58.1
14.49,1.5,1.596,56.5
14.50,1.5,1.549,56.4
14.51,1.5,1.562,66.2
14.52,1.5,1.573,63.5
14.53,1.5,1.635,61.3
14.54,1.5,1.592,59.6
14.55,1.5,1.472,61.1
14.56,1.5,1.483,62.9
14.57,1.5,1.54,62.3
14.58,1.5,1.594,60.2
14.59,1.5,1.617,58
14.60,1.5,1.589,56.7
14.61,1.5,1.455,69.3
14.62,1.5,1.576,66.2
14.63,1.5,1.652,62.2
14.64,1.5,1.661,59
14.65,1.5,1.591,58.2
14.66,1.5,1.458,60.3
14.67,1.5,1.456,62.7
14.68,1.5,1.494,63
14.69,1.5,1.557,61.5
14.70,1.5,1.596,59.3
14.71,1.5,1.424,70.5
14.72,1.5,1.546,67.8
14.73,1.5,1.645,63.8
14.74,1.5,1.685,59.9
14.75,1.5,1.626,58.2
14.76,1.5,1.488,59.7
14.77,1.5,1.477,62.1
14.78,1.5,1.513,62.2
14.79,1.5,1.573,60.6
14.80,1.5,1.603,58.5
14.81,1.5,1.281,69.5
14.82,1.5,1.34,70.8
14.83,1.5,1.445,69.9
14.84,1.5,1.575,66.8
14.85,1.5,1.663,62.5
14.86,1.5,1.676,59
14.87,1.5,1.576,58.4
14.88,1.5,1.468,60.6
14.89,1.5,1.478,62.5
14.90,1.5,1.535,61.9
14.91,1.5,1.338,70.4
14.92,1.5,1.445,69.5
14.93,1.5,1.576,66.3
14.94,1.5,1.657,62.2
14.95,1.5,1.657,59
14.96,1.5,1.589,58.3
14.97,1.5,1.468,60.1
14.98,1.5,1.473,62.2
14.99,1.5,1.513,62.1
15.00,1.5,1.575,60.4
15.01,1.5,1.539,67.9
15.02,1.5,1.643,63.8
15.03,1.5,1.687,59.8
15.04,1.5,1.635,57.9
15.05,1.5,1.48,59.5
15.06,1.5,1.465,62.2
15.07,1.5,1.502,62.5
15.08,1.5,1.576,60.9
15.09,1.5,1.616,58.4
15.10,1.5,1.58,57
15.11,1.5,1.448,58.5
15.12,1.5,1.246,63.9
15.13,1.5,1.279,69
15.14,1.5,1.337,70.5
15.15,1.5,1.445,69.6
15.16,1.5,1.584,66.4
15.17,1.5,1.666,62
15.18,1.5,1.668,58.7
15.19,1.5,1.586,58
15.20,1.5,1.467,60.1
15.21,1.5,1.56,55.7
15.22,1.5,1.438,57.7
15.23,1.5,1.209,63.9
15.24,1.5,1.275,69.2
15.25,1.5,1.301,70.9
15.26,1.5,1.395,71.1
15.27,1.5,1.539,68.4
15.28,1.5,1.649,64
15.29,1.5,1.692,59.9
15.30,1.5,1.635,57.9
15.31,1.5,1.598,55.8
15.32,1.5,1.552,55.8
15.33,1.5,1.439,57.8
15.34,1.5,1.221,63.7
15.35,1.5,1.265,69.1
15.36,1.5,1.313,70.9
15.37,1.5,1.415,70.5
15.38,1.5,1.559,67.4
15.39,1.5,1.656,63
15.40,1.5,1.67,59.5
15.41,1.5,1.607,56.4
15.42,1.5,1.556,56.3
15.43,1.5,1.442,58.3
15.44,1.5,1.244,63.8
15.45,1.5,1.263,69.2
15.46,1.5,1.321,71
15.47,1.5,1.42,70.5
15.48,1.5,1.555,67.6
15.49,1.5,1.644,63.5
15.50,1.5,1.669,60
15.51,1.5,1.479,68
15.52,1.5,1.578,65.2
15.53,1.5,1.642,61.7
15.54,1.5,1.618,59.4
15.55,1.5,1.488,60.5
15.56,1.5,1.225,66.8
15.57,1.5,1.29,72.4
15.58,1.5,1.308,74.2
15.59,1.5,1.375,74.9
15.60,1.5,1.506,73
15.61,1.5,1.417,75.8
15.62,1.5,1.543,73.6
15.63,1.5,1.611,70.2
15.64,1.5,1.627,67.5
15.65,1.5,1.375,70
15.66,1.5,1.428,73.7
15.67,1.5,1.407,74.7
15.68,1.5,1.351,76.8
15.69,1.5,1.398,78.5
15.70,1.5,1.471,77.8
15.71,1.5,1.603,69.4
15.72,1.5,1.551,69.6
15.73,1.5,1.418,72
15.74,1.5,1.371,75.7
15.75,1.5,1.404,77.4
15.76,1.5,1.513,76.3
15.77,1.5,1.587,73.5
15.78,1.5,1.631,70.6
15.79,1.5,1.494,70.7
15.80,1.5,1.506,72.2
15.81,1.5,1.668,72.8
15.82,1.5,1.63,70.6
15.83,1.5,1.49,71.7
15.84,1.5,1.349,76.1
15.85,1.5,1.338,80.2
15.86,1.5,1.448,80.6
15.87,1.5,1.54,78.2
15.88,1.5,1.622,75
15.89,1.5,1.603,72.6
15.90,1.5,1.571,72.1
15.91,1.5,1.634,78.1
15.92,1.5,1.578,76.5
15.93,1.5,1.309,80.6
15.94,1.5,1.353,85.6
15.95,1.5,1.376,86.9
15.96,1.5,1.471,86.4
15.97,1.5,1.594,83.3
15.98,1.5,1.659,79.4
15.99,1.5,1.653,76.5
16.00,1.5,1.589,75.9
16.01,1.5,1.389,84.2
16.02,1.5,1.496,83.8
16.03,1.5,1.592,80.8
16.04,1.5,1.644,77.5
16.05,1.5,1.616,75.5
16.06,1.5,1.477,76.7
16.07,1.5,1.284,82.1
16.08,1.5,1.304,87
16.09,1.5,1.394,87.8
16.10,1.5,1.507,85.9
16.11,1.5,1.446,83.9
16.12,1.5,1.529,82.7
16.13,1.5,1.588,80.2
16.14,1.5,1.613,77.8
16.15,1.5,1.585,76.6
16.16,1.5,1.449,78.3
16.17,1.5,1.215,84.6
16.18,1.5,1.297,89.6
16.19,1.5,1.322,90.9
16.20,1.5,1.407,91
16.21,1.5,1.457,82.9
16.22,1.5,1.486,83.5
16.23,1.5,1.554,82.2
16.24,1.5,1.591,80.1
16.25,1.5,1.593,78.4
16.26,1.5,1.564,77.7
16.27,1.5,1.437,79.6
16.28,1.5,1.206,85.8
16.29,1.5,1.307,90.6
16.30,1.5,1.326,91.6
16.31,1.5,1.472,82.4
16.32,1.5,1.431,86
16.33,1.5,1.379,88.7
16.34,1.5,1.492,89
16.35,1.5,1.583,86.1
16.36,1.5,1.633,83
16.37,1.5,1.623,80.7
16.38,1.5,1.489,81.7
16.39,1.5,1.264,87.3
16.40,1.5,1.328,92.1
16.41,1.5,1.589,81.6
16.42,1.5,1.43,84.3
16.43,1.5,1.399,87.8
16.44,1.5,1.393,89.7
16.45,1.5,1.492,89.5
16.46,1.5,1.585,86.7
16.47,1.5,1.627,83.7
16.48,1.5,1.613,81.7
16.49,1.5,1.485,82.7
16.50,1.5,1.268,88.2
16.51,1.5,1.658,85.2
16.52,1.5,1.629,83.2
16.53,1.5,1.518,83.9
16.54,1.5,1.444,86.4
16.55,1.5,1.497,87.4
16.56,1.5,1.566,85.8
16.57,1.5,1.615,83.3
16.58,1.5,1.627,81
16.59,1.5,1.522,81.1
16.60,1.5,1.494,82.7
16.61,1.5,1.592,85.7
16.62,1.5,1.593,84.8
16.63,1.5,1.492,85.6
16.64,1.5,1.454,87.7
16.65,1.5,1.513,88
16.66,1.5,1.593,85.8
16.67,1.5,1.629,83
16.68,1.5,1.617,81.1
16.69,1.5,1.491,82
16.70,1.5,1.448,84.6
16.71,1.5,1.635,90.4
16.72,1.5,1.596,87.6
16.73,1.5,1.596,86.7
16.74,1.5,1.489,87.5
16.75,1.5,1.481,89.2
16.76,1.5,1.554,88.6
16.77,1.5,1.625,85.9
16.78,1.5,1.65,83.1
16.79,1.5,1.613,81.5
16.80,1.5,1.423,83.9
16.81,1.5,1.586,91.7
16.82,1.5,1.655,87.8
16.83,1.5,1.474,88
16.84,1.5,1.489,90.1
16.85,1.5,1.418,91.6
16.86,1.5,1.427,93.4
16.87,1.5,1.522,92.6
16.88,1.5,1.621,89.4
16.89,1.5,1.672,85.7
16.90,1.5,1.637,83.6
16.91,1.5,1.644,88.3
16.92,1.5,1.565,86.9
16.93,1.5,1.298,91.6
16.94,1.5,1.339,96.8
16.95,1.5,1.39,97.8
16.96,1.5,1.497,96.5
16.97,1.5,1.618,93
16.98,1.5,1.676,88.9
16.99,1.5,1.644,86.4
17.00,1.5,1.577,86.2
17.01,1.5,1.592,87.3
17.02,1.5,1.597,85.5
17.03,1.5,1.556,85
17.04,1.5,1.437,86.9
17.05,1.5,1.213,93.1
17.06,1.5,1.318,97.7
17.07,1.5,1.324,98.6
17.08,1.5,1.349,99.8
17.09,1.5,1.459,99.2
17.10,1.5,1.526,97
17.11,1.5,1.613,85.8
17.12,1.5,1.471,87.8
17.13,1.5,1.366,91.9
17.14,1.5,1.354,95.3
17.15,1.5,1.444,95.8
17.16,1.5,1.523,93.9
17.17,1.5,1.597,91.2
17.18,1.5,1.613,88.8
17.19,1.5,1.592,87.5
17.20,1.5,1.529,87.8
17.21,1.5,1.346,95.2
17.22,1.5,1.282,98.5
17.23,1.5,1.384,100
17.24,1.5,1.434,99.2
17.25,1.5,1.569,96.8
17.26,1.5,1.624,93.2
17.27,1.5,1.604,91.1
17.28,1.5,1.329,94.6
17.29,1.5,1.371,99.4
17.30,1.5,1.442,99.7
17.31,1.5,1.507,93.7
17.32,1.5,1.574,91.9
17.33,1.5,1.626,89.2
17.34,1.5,1.616,87.2
17.35,1.5,1.504,87.9
17.36,1.5,1.479,89.7
17.37,1.5,1.385,92.1
17.38,1.5,1.258,96.8
17.39,1.5,1.273,100
17.40,1.5,1.349,100
17.41,1.5,1.605,90.5
17.42,1.5,1.443,92.1
17.43,1.5,1.443,94.8
17.44,1.5,1.354,97.3
17.45,1.5,1.426,98.9
17.46,1.5,1.467,98.2
17.47,1.5,1.586,95.9
17.48,1.5,1.62,92.8
17.49,1.5,1.579,91.4
17.50,1.5,1.314,95.4
17.51,1.5,1.587,89.3
17.52,1.5,1.411,92.1
17.53,1.5,1.391,95.8
17.54,1.5,1.387,97.8
17.55,1.5,1.5,97.3
17.56,1.5,1.579,94.4
17.57,1.5,1.641,91.3
17.58,1.5,1.618,89.1
17.59,1.5,1.494,90
17.60,1.5,1.317,94.7
17.61,1.5,1.63,92.7
17.62,1.5,1.63,90.3
17.63,1.5,1.581,89.6
17.64,1.5,1.398,92.4
17.65,1.5,1.376,96.4
17.66,1.5,1.375,98.4
17.67,1.5,1.485,98.1
17.68,1.5,1.571,95.4
17.69,1.5,1.636,92.2
17.70,1.5,1.625,89.8
17.71,1.5,1.561,96.2
17.72,1.5,1.612,93.3
17.73,1.5,1.624,90.9
17.74,1.5,1.587,89.9
17.75,1.5,1.396,92.6
17.76,1.5,1.379,96.6
17.77,1.5,1.317,99.6
17.78,1.5,1.437,100
17.79,1.5,1.495,98.1
17.80,1.5,1.604,95.4
17.81,1.5,1.51,98
17.82,1.5,1.607,94.8
17.83,1.5,1.65,91.5
17.84,1.5,1.623,89.4
17.85,1.5,1.547,89.6
17.86,1.5,1.371,93.2
17.87,1.5,1.358,97.3
17.88,1.5,1.348,99.5
17.89,1.5,1.467,99.4
17.90,1.5,1.529,97.2
17.91,1.5,1.337,100
17.92,1.5,1.382,100
17.93,1.5,1.459,99.2
17.94,1.5,1.513,97.6
17.95,1.5,1.554,95.8
17.96,1.5,1.574,94.2
17.97,1.5,1.578,93
17.98,1.5,1.546,92.6
17.99,1.5,1.442,94.1
18.00,1.5,1.227,99.8
18.01,1.5,1.519,97.2
18.02,1.5,1.549,95.6
18.03,1.5,1.569,94.2
18.04,1.5,1.552,93.4
18.05,1.5,1.488,94
18.06,1.5,1.263,98.8
18.07,1.5,1.347,100
18.08,1.5,1.353,100
18.09,1.5,1.313,100
18.10,1.5,1.352,100
18.11,1.5,1.516,92.9
18.12,1.5,1.293,97.4
18.13,1.5,1.341,100
18.14,1.5,1.357,100
18.15,1.5,1.416,100
18.16,1.5,1.507,98.5
18.17,1.5,1.574,95.9
18.18,1.5,1.611,93.4
18.19,1.5,1.613,91.5
18.20,1.5,1.451,92.9
18.21,1.5,1.598,94.3
18.22,1.5,1.44,95.4
18.23,1.5,1.475,97.5
18.24,1.5,1.445,98.1
18.25,1.5,1.376,100
18.26,1.5,1.431,100
18.27,1.5,1.478,99.1
18.28,1.5,1.55,97.5
18.29,1.5,1.594,95
18.30,1.5,1.612,93
18.31,1.5,1.611,92.8
18.32,1.5,1.595,91.5
18.33,1.5,1.54,91.6
18.34,1.5,1.406,94.1
18.35,1.5,1.41,97
18.36,1.5,1.44,97.8
18.37,1.5,1.534,96.5
18.38,1.5,1.604,93.6
18.39,1.5,1.629,90.9
18.40,1.5,1.601,89.5
18.41,1.5,1.376,100
18.42,1.5,1.433,99.3
18.43,1.5,1.512,97.8
18.44,1.5,1.568,95.4
18.45,1.5,1.588,93.5
18.46,1.5,1.591,92
18.47,1.5,1.462,93.1
18.48,1.5,1.464,95.1
18.49,1.5,1.386,97.1
18.50,1.5,1.381,99.5
18.51,1.5,1.498,93.9
18.52,1.5,1.527,94.9
18.53,1.5,1.461,95.6
18.54,1.5,1.452,97
18.55,1.5,1.553,96.1
18.56,1.5,1.656,92.5
18.57,1.5,1.69,88.7
18.58,1.5,1.638,86.8
18.59,1.5,1.445,89.1
18.60,1.5,1.437,92.5
18.61,1.5,1.424,87.8
18.62,1.5,1.399,90.8
18.63,1.5,1.427,92.1
18.64,1.5,1.532,90.9
18.65,1.5,1.616,87.7
18.66,1.5,1.654,84.5
18.67,1.5,1.347,87.2
18.68,1.5,1.405,91.8
18.69,1.5,1.382,93.2
18.70,1.5,1.45,93.5
18.71,1.5,1.487,88.1
18.72,1.5,1.555,86.4
18.73,1.5,1.6,84.1
18.74,1.5,1.609,82
18.75,1.5,1.571,81.2
18.76,1.5,1.44,83.2
18.77,1.5,1.198,89.6
18.78,1.5,1.279,95.1
18.79,1.5,1.293,96.8
18.80,1.5,1.322,98.1
18.81,1.5,1.476,86.5
18.82,1.5,1.491,89.1
18.83,1.5,1.578,88
18.84,1.5,1.646,84.9
18.85,1.5,1.656,82.1
18.86,1.5,1.531,82.2
18.87,1.5,1.498,84.1
18.88,1.5,1.391,86.5
18.89,1.5,1.323,90.4
18.90,1.5,1.337,93.3
18.91,1.5,1.394,90.8
18.92,1.5,1.488,91.1
18.93,1.5,1.58,88.6
18.94,1.5,1.638,85.3
18.95,1.5,1.627,83
18.96,1.5,1.462,84.4
18.97,1.5,1.451,87.2
18.98,1.5,1.372,89.5
18.99,1.5,1.325,92.9
19.00,1.5,1.356,95
19.01,1.5,1.426,90.6
19.02,1.5,1.39,93.1
19.03,1.5,1.478,93.5
19.04,1.5,1.584,90.8
19.05,1.5,1.652,87.2
19.06,1.5,1.634,84.8
19.07,1.5,1.459,86.2
19.08,1.5,1.446,89.2
19.09,1.5,1.357,91.9
19.10,1.5,1.409,93.8
19.11,1.5,1.332,89.5
19.12,1.5,1.358,94.6
19.13,1.5,1.387,96
19.14,1.5,1.485,95.2
19.15,1.5,1.614,91.9
19.16,1.5,1.674,87.7
19.17,1.5,1.645,85.2
19.18,1.5,1.547,85.4
19.19,1.5,1.417,88.5
19.20,1.5,1.432,91.1
19.21,1.5,1.261,90.8
19.22,1.5,1.285,95.9
19.23,1.5,1.329,97.7
19.24,1.5,1.423,97.4
19.25,1.5,1.553,94.7
19.26,1.5,1.647,90.6
19.27,1.5,1.675,87
19.28,1.5,1.61,85.5
19.29,1.5,1.452,87.8
19.30,1.5,1.474,90.1
19.31,1.5,1.277,95.7
19.32,1.5,1.335,97.5
19.33,1.5,1.431,96.9
19.34,1.5,1.554,94.1
19.35,1.5,1.639,90.3
19.36,1.5,1.665,86.9
19.37,1.5,1.601,85.6
19.38,1.5,1.43,88.2
19.39,1.5,1.426,91.4
19.40,1.5,1.477,91.8
19.41,1.5,1.578,84
19.42,1.5,1.453,85.7
19.43,1.5,1.371,89.3
19.44,1.5,1.362,92.3
19.45,1.5,1.463,92.5
19.46,1.5,1.558,89.9
19.47,1.5,1.647,86.3
19.48,1.5,1.509,85.6
19.49,1.5,1.52,87
19.50,1.5,1.456,88
19.51,1.5,1.583,85.2
19.52,1.5,1.554,85.1
19.53,1.5,1.447,86.8
19.54,1.5,1.257,92
19.55,1.5,1.271,97.2
19.56,1.5,1.325,99
19.57,1.5,1.419,98.6
19.58,1.5,1.541,96.1
19.59,1.5,1.621,92.5
19.60,1.5,1.658,89.1
19.61,1.5,1.562,86
19.62,1.5,1.423,88.3
19.63,1.5,1.436,90.9
19.64,1.5,1.432,91.8
19.65,1.5,1.562,90.4
19.66,1.5,1.63,86.9
19.67,1.5,1.612,84.7
19.68,1.5,1.346,87.9
19.69,1.5,1.374,92.6
19.70,1.5,1.354,94.5
19.71,1.5,1.662,88.4
19.72,1.5,1.678,84.8
19.73,1.5,1.609,83.5
19.74,1.5,1.423,86.3
19.75,1.5,1.408,89.9
19.76,1.5,1.411,91.6
19.77,1.5,1.523,90.7
19.78,1.5,1.597,87.8
19.79,1.5,1.634,84.8
19.80,1.5,1.605,83.2
19.81,1.5,1.615,86.3
19.82,1.5,1.516,86.7
19.83,1.5,1.464,88.8
19.84,1.5,1.546,88.8
19.85,1.5,1.618,86.1
19.86,1.5,1.651,83.2
19.87,1.5,1.612,81.6
19.88,1.5,1.431,83.8
19.89,1.5,1.426,87.1
19.90,1.5,1.336,89.9
19.91,1.5,1.414,87.3
19.92,1.5,1.435,91.1
19.93,1.5,1.402,92.6
19.94,1.5,1.463,93.2
19.95,1.5,1.603,90.4
19.96,1.5,1.686,86
19.97,1.5,1.665,82.9
19.98,1.5,1.578,82.6
19.99,1.5,1.409,85.7
20.00,1.5,1.405,89.2
20.01,1.5,1.619,84.3
20.02,1.5,1.593,82.8
20.03,1.5,1.474,84
20.04,1.5,1.244,89.7
20.05,1.5,1.288,95.1
20.06,1.5,1.31,97
20.07,1.5,1.391,97.4
20.08,1.5,1.529,95.1
20.09,1.5,1.638,90.9
20.10,1.5,1.674,87.1
20.11,1.5,1.601,87.5
20.12,1.5,1.615,85.3
20.13,1.5,1.583,84.3
20.14,1.5,1.461,85.8
20.15,1.5,1.251,91.4
20.16,1.5,1.279,96.7
20.17,1.5,1.323,98.4
20.18,1.5,1.421,98.1
20.19,1.5,1.55,95.5
20.20,1.5,1.641,91.4
20.21,1.5,1.634,85.8
20.22,1.5,1.578,84.7
20.23,1.5,1.554,84.9
20.24,1.5,1.437,86.7
20.25,1.5,1.357,90.3
20.26,1.5,1.347,93.4
20.27,1.5,1.45,93.6
20.28,1.5,1.547,91.3
20.29,1.5,1.631,87.9
20.30,1.5,1.539,86.6
20.31,1.5,1.598,88.2
20.32,1.5,1.633,85.3
20.33,1.5,1.547,84.7
20.34,1.5,1.531,85.5
20.35,1.5,1.42,87.4
20.36,1.5,1.358,90.8
20.37,1.5,1.357,93.5
20.38,1.5,1.471,93.3
20.39,1.5,1.574,90.4
20.40,1.5,1.647,86.8
20.41,1.5,1.547,91.2
20.42,1.5,1.641,87.7
20.43,1.5,1.666,84.3
20.44,1.5,1.623,82.6
20.45,1.5,1.417,85.2
20.46,1.5,1.385,89.4
20.47,1.5,1.323,92.7
20.48,1.5,1.434,93.6
20.49,1.5,1.504,91.9
20.50,1.5,1.615,88.9
20.51,1.5,1.53,93.2
20.52,1.5,1.645,89.1
20.53,1.5,1.572,87
20.54,1.5,1.568,86.9
20.55,1.5,1.476,87.9
20.56,1.5,1.443,89.9
20.57,1.5,1.512,90.1
20.58,1.5,1.598,87.8
20.59,1.5,1.638,84.8
20.60,1.5,1.621,82.8
20.61,1.5,1.485,94.1
20.62,1.5,1.608,90.5
20.63,1.5,1.668,86.4
20.64,1.5,1.412,87.8
20.65,1.5,1.443,91.4
20.66,1.5,1.397,92.9
20.67,1.5,1.431,94
20.68,1.5,1.551,92.5
20.69,1.5,1.652,88.6
20.70,1.5,1.668,85
20.71,1.5,1.562,94.2
20.72,1.5,1.633,90.4
20.73,1.5,1.599,88.3
20.74,1.5,1.328,92
20.75,1.5,1.351,97.1
20.76,1.5,1.421,97.8
20.77,1.5,1.513,96.3
20.78,1.5,1.624,93
20.79,1.5,1.679,89
20.80,1.5,1.641,86.6
20.81,1.5,1.596,90.8
20.82,1.5,1.634,88
20.83,1.5,1.599,86.4
20.84,1.5,1.474,87.8
20.85,1.5,1.25,93.5
20.86,1.5,1.285,98.8
20.87,1.5,1.33,100
20.88,1.5,1.425,99.5
20.89,1.5,1.537,97.1
20.90,1.5,1.624,93.5
20.91,1.5,1.447,95.5
20.92,1.5,1.57,93.6
20.93,1.5,1.647,89.9
20.94,1.5,1.632,87.3
20.95,1.5,1.581,86.7
20.96,1.5,1.45,88.7
20.97,1.5,1.407,91.8
20.98,1.5,1.403,93.7
20.99,1.5,1.511,93.3
21.00,1.5,1.595,90.3
21.01,1.5,1.416,96.1
21.02,1.5,1.496,95.1
21.03,1.5,1.589,92.5
21.04,1.5,1.64,89.2
21.05,1.5,1.59,87.7
21.06,1.5,1.547,87.9
21.07,1.5,1.434,89.9
21.08,1.5,1.382,93.2
21.09,1.5,1.388,95.3
21.10,1.5,1.503,94.6
21.11,1.5,1.495,94.4
21.12,1.5,1.598,91.7
21.13,1.5,1.653,88.2
21.14,1.5,1.639,85.7
21.15,1.5,1.462,87.2
21.16,1.5,1.418,90.7
21.17,1.5,1.336,93.9
21.18,1.5,1.406,95.8
21.19,1.5,1.428,95.7
21.20,1.5,1.564,93.8
21.21,1.5,1.48,97.5
21.22,1.5,1.587,94.5
21.23,1.5,1.647,90.9
21.24,1.5,1.643,88.4
21.25,1.5,1.583,87.7
21.26,1.5,1.407,90.5
21.27,1.5,1.378,94.4
21.28,1.5,1.353,97
21.29,1.5,1.465,97.2
21.30,1.5,1.534,95
21.31,1.5,1.327,98.4
21.32,1.5,1.427,99.1
21.33,1.5,1.522,97.1
21.34,1.5,1.622,93.6
21.35,1.5,1.628,90.6
21.36,1.5,1.611,89.2
21.37,1.5,1.53,89.5
21.38,1.5,1.431,92
21.39,1.5,1.484,93.4
21.40,1.5,1.556,91.9
21.41,1.5,1.413,93
21.42,1.5,1.429,93.5
21.43,1.5,1.586,91.4
21.44,1.5,1.655,87.2
21.45,1.5,1.6,85.1
21.46,1.5,1.336,89.1
21.47,1.5,1.346,94.2
21.48,1.5,1.441,94.7
21.49,1.5,1.561,92.2
21.50,1.5,1.679,87.8
21.51,1.5,1.641,85.3
21.52,1.5,1.647,82.7
21.53,1.5,1.597,81.7
21.54,1.5,1.395,84.7
21.55,1.5,1.382,88.9
21.56,1.5,1.309,92
21.57,1.5,1.394,93.6
21.58,1.5,1.444,93.1
21.59,1.5,1.61,90
21.60,1.5,1.673,85.4
21.61,1.5,1.672,83.9
21.62,1.5,1.395,85.3
21.63,1.5,1.455,89
21.64,1.5,1.406,90
21.65,1.5,1.446,91
21.66,1.5,1.575,89
21.67,1.5,1.67,84.8
21.68,1.5,1.681,81.2
21.69,1.5,1.613,80
21.70,1.5,1.42,82.9
21.71,1.5,1.272,86.1
21.72,1.5,1.272,91.8
21.73,1.5,1.327,93.8
21.74,1.5,1.421,93.5
21.75,1.5,1.568,90.5
21.76,1.5,1.661,86
21.77,1.5,1.659,82.8
21.78,1.5,1.589,82
21.79,1.5,1.4,85
21.80,1.5,1.372,89.2
21.81,1.5,1.623,82.5
21.82,1.5,1.503,83.3
21.83,1.5,1.276,88.7
21.84,1.5,1.286,94.2
21.85,1.5,1.375,95.4
21.86,1.5,1.494,93.6
21.87,1.5,1.633,89.6
21.88,1.5,1.637,86
21.89,1.5,1.616,84.5
21.90,1.5,1.513,85.1
21.91,1.5,1.522,81.9
21.92,1.5,1.49,83.5
21.93,1.5,1.39,85.9
21.94,1.5,1.259,90.7
21.95,1.5,1.272,95.1
21.96,1.5,1.386,95.8
21.97,1.5,1.503,93.5
21.98,1.5,1.637,89.4
21.99,1.5,1.633,85.9
22.00,1.5,1.6,84.8
22.01,1.5,1.62,80.9
22.02,1.5,1.462,82.4
22.03,1.5,1.458,85
22.04,1.5,1.365,87.5
22.05,1.5,1.357,90.3
22.06,1.5,1.391,91.7
22.07,1.5,1.518,90.3
22.08,1.5,1.612,86.8
22.09,1.5,1.66,83.2
22.10,1.5,1.396,85
22.11,1.5,1.6,80.7
22.12,1.5,1.399,83.8
22.13,1.5,1.379,88
22.14,1.5,1.368,90.2
22.15,1.5,1.5,89.6
22.16,1.5,1.594,86.4
22.17,1.5,1.649,82.9
22.18,1.5,1.628,80.6
22.19,1.5,1.502,81.5
22.20,1.5,1.309,86.4
22.21,1.5,1.595,83.2
22.22,1.5,1.577,82.7
22.23,1.5,1.498,83.5
22.24,1.5,1.424,85.9
22.25,1.5,1.485,86.9
22.26,1.5,1.543,85.4
22.27,1.5,1.602,83.1
22.28,1.5,1.62,80.7
22.29,1.5,1.541,80.4
22.30,1.5,1.533,81.1
22.31,1.5,1.461,92.4
22.32,1.5,1.597,89
22.33,1.5,1.661,84.8
22.34,1.5,1.635,82.3
22.35,1.5,1.571,82
22.36,1.5,1.391,85.1
22.37,1.5,1.371,89.2
22.38,1.5,1.354,91.6
22.39,1.5,1.47,91.6
22.40,1.5,1.558,89
22.41,1.5,1.58,90
22.42,1.5,1.691,85.2
22.43,1.5,1.471,85
22.44,1.5,1.489,87.7
22.45,1.5,1.506,87.7
22.46,1.5,1.6,85.8
22.47,1.5,1.691,82
22.48,1.5,1.531,81.2
22.49,1.5,1.529,82.8
22.50,1.5,1.449,84.2
22.51,1.5,1.342,90
22.52,1.5,1.371,90.9
22.53,1.5,1.505,89.5
22.54,1.5,1.611,85.9
22.55,1.5,1.659,82.2
22.56,1.5,1.386,84.1
22.57,1.5,1.419,88.2
22.58,1.5,1.394,89.6
22.59,1.5,1.463,90
22.60,1.5,1.586,87.5
22.61,1.5,1.396,82.9
22.62,1.5,1.377,87.1
22.63,1.5,1.355,89.4
22.64,1.5,1.475,89.4
22.65,1.5,1.578,86.4
22.66,1.5,1.64,82.9
22.67,1.5,1.629,80.5
22.68,1.5,1.501,81.2
22.69,1.5,1.293,86.4
22.70,1.5,1.291,91.7
22.71,1.5,1.631,81.6
22.72,1.5,1.517,82.4
22.73,1.5,1.459,84.8
22.74,1.5,1.516,85.2
22.75,1.5,1.595,83.2
22.76,1.5,1.638,80.4
22.77,1.5,1.626,78.3
22.78,1.5,1.433,80.2
22.79,1.5,1.447,83.2
22.80,1.5,1.368,85.3
22.81,1.5,1.468,85.5
22.82,1.5,1.409,87.2
22.83,1.5,1.382,89.4
22.84,1.5,1.462,89.9
22.85,1.5,1.553,87.8
22.86,1.5,1.627,84.7
22.87,1.5,1.64,81.8
22.88,1.5,1.512,82.1
22.89,1.5,1.491,84
22.90,1.5,1.388,86.3
22.91,1.5,1.636,84.9
22.92,1.5,1.51,84.5
22.93,1.5,1.511,85.8
22.94,1.5,1.458,86.8
22.95,1.5,1.35,89.8
22.96,1.5,1.368,92.7
22.97,1.5,1.417,93.4
22.98,1.5,1.559,91.2
22.99,1.5,1.654,87
23.00,1.5,1.566,85.2
23.01,1.5,1.619,86.1
23.02,1.5,1.651,82.7
23.03,1.5,1.554,82
23.04,1.5,1.287,87.1
23.05,1.5,1.322,92.5
23.06,1.5,1.383,93.6
23.07,1.5,1.512,91.9
23.08,1.5,1.647,87.7
23.09,1.5,1.617,84.5
23.10,1.5,1.594,83.7
23.11,1.5,1.585,82.8
23.12,1.5,1.538,82.8
23.13,1.5,1.426,84.8
23.14,1.5,1.195,91.1
23.15,1.5,1.3,96
23.16,1.5,1.332,96.8
23.17,1.5,1.324,98.1
23.18,1.5,1.415,98.4
23.19,1.5,1.513,96.5
23.20,1.5,1.621,93.1
23.21,1.5,1.653,89.1
23.22,1.5,1.683,85.2
23.23,1.5,1.626,83.6
23.24,1.5,1.477,85.3
23.25,1.5,1.431,88.5
23.26,1.5,1.428,90.2
23.27,1.5,1.521,89.6
23.28,1.5,1.589,87.1
23.29,1.5,1.629,84.4
23.30,1.5,1.437,85.4
23.31,1.5,1.545,90.9
23.32,1.5,1.633,87.4
23.33,1.5,1.652,84.2
23.34,1.5,1.507,84.5
23.35,1.5,1.486,86.6
23.36,1.5,1.377,89.1
23.37,1.5,1.445,90.9
23.38,1.5,1.463,90.6
23.39,1.5,1.581,88.7
23.40,1.5,1.633,85.2
23.41,1.5,1.587,85.6
23.42,1.5,1.624,83.1
23.43,1.5,1.599,81.5
23.44,1.5,1.491,82.5
23.45,1.5,1.475,84.4
23.46,1.5,1.391,86.5
23.47,1.5,1.227,91.6
23.48,1.5,1.258,96.4
23.49,1.5,1.323,97.8
23.50,1.5,1.429,97.2
23.51,1.5,1.569,93.9
23.52,1.5,1.657,89.6
23.53,1.5,1.672,86.1
23.54,1.5,1.598,85
23.55,1.5,1.449,87.4
23.56,1.5,1.462,89.9
23.57,1.5,1.514,89.6
23.58,1.5,1.587,87.7
23.59,1.5,1.613,85.1
23.60,1.5,1.6,83.7
23.61,1.5,1.483,95.7
23.62,1.5,1.602,91.9
23.63,1.5,1.667,87.8
23.64,1.5,1.655,84.9
23.65,1.5,1.578,84.6
23.66,1.5,1.418,87.4
23.67,1.5,1.405,90.8
23.68,1.5,1.426,92.1
23.69,1.5,1.534,90.8
23.70,1.5,1.601,87.9
23.71,1.5,1.283,95.6
23.72,1.5,1.34,97.4
23.73,1.5,1.453,96.5
23.74,1.5,1.601,92.9
23.75,1.5,1.687,88.1
23.76,1.5,1.666,84.8
23.77,1.5,1.557,84.9
23.78,1.5,1.465,87.4
23.79,1.5,1.524,88.2
23.80,1.5,1.593,86.3
23.81,1.5,1.406,90.9
23.82,1.5,1.542,89.3
23.83,1.5,1.629,85.6
23.84,1.5,1.646,82.4
23.85,1.5,1.366,85
23.86,1.5,1.391,89.7
23.87,1.5,1.374,91.5
23.88,1.5,1.449,91.9
23.89,1.5,1.586,89.1
23.90,1.5,1.665,84.9
23.91,1.5,1.609,87.2
23.92,1.5,1.621,84.4
23.93,1.5,1.525,84.3
23.94,1.5,1.254,89.7
23.95,1.5,1.298,95.4
23.96,1.5,1.345,96.9
23.97,1.5,1.44,96.4
23.98,1.5,1.584,93.3
23.99,1.5,1.684,88.5
24.00,1.5,1.68,84.8
24.01,1.5,1.63,83.8
24.02,1.5,1.621,81.7
24.03,1.5,1.523,82.1
24.04,1.5,1.497,83.6
24.05,1.5,1.395,85.9
24.06,1.5,1.292,90.2
24.07,1.5,1.289,94
24.08,1.5,1.396,94.9
24.09,1.5,1.506,92.8
24.10,1.5,1.625,89.1
24.11,1.5,1.48,89.1
24.12,1.5,1.544,87.9
24.13,1.5,1.608,85.3
24.14,1.5,1.618,83
24.15,1.5,1.561,82.4
24.16,1.5,1.528,83.1
24.17,1.5,1.421,85.1
24.18,1.5,1.278,89.8
24.19,1.5,1.282,94.3
24.20,1.5,1.385,95.2
24.21,1.5,1.502,85.4
24.22,1.5,1.518,86.5
24.23,1.5,1.586,85.1
24.24,1.5,1.634,82.6
24.25,1.5,1.638,80.3
24.26,1.5,1.598,79.3
24.27,1.5,1.398,82
24.28,1.5,1.411,85.7
24.29,1.5,1.34,88.1
24.30,1.5,1.343,90.8
24.31,1.5,1.435,89.1
24.32,1.5,1.402,90.4
24.33,1.5,1.502,90.2
24.34,1.5,1.593,87.4
24.35,1.5,1.655,84
24.36,1.5,1.653,81.2
24.37,1.5,1.608,80.3
24.38,1.5,1.417,82.9
24.39,1.5,1.389,86.9
24.40,1.5,1.371,89.1
24.41,1.5,1.417,83.3
24.42,1.5,1.403,85.8
24.43,1.5,1.514,85.5
24.44,1.5,1.594,82.6
24.45,1.5,1.643,79.5
24.46,1.5,1.436,80.5
24.47,1.5,1.456,83.5
24.48,1.5,1.412,84.8
24.49,1.5,1.387,86.8
24.50,1.5,1.475,87
24.51,1.5,1.391,83.5
24.52,1.5,1.326,87.2
24.53,1.5,1.319,90.2
24.54,1.5,1.424,90.7
24.55,1.5,1.517,88.7
24.56,1.5,1.609,85.4
24.57,1.5,1.612,82.7
24.58,1.5,1.59,81.6
24.59,1.5,1.518,82.1
24.60,1.5,1.394,84.9
24.61,1.5,1.594,79.5
24.62,1.5,1.46,81.2
24.63,1.5,1.359,85.1
24.64,1.5,1.333,88.8
24.65,1.5,1.426,89.6
24.66,1.5,1.517,87.8
24.67,1.5,1.588,85
24.68,1.5,1.611,82.5
24.69,1.5,1.593,81.1
24.70,1.5,1.533,81.2
24.71,1.5,1.65,84.4
24.72,1.5,1.64,81.5
24.73,1.5,1.523,81.8
24.74,1.5,1.378,85.5
24.75,1.5,1.362,89.3
24.76,1.5,1.467,89.6
24.77,1.5,1.575,86.9
24.78,1.5,1.654,83.1
24.79,1.5,1.498,82.7
24.80,1.5,1.515,84.4
24.81,1.5,1.347,86.9
24.82,1.5,1.462,87.5
24.83,1.5,1.557,84.9
24.84,1.5,1.65,81.3
24.85,1.5,1.65,78.2
24.86,1.5,1.526,78.4
24.87,1.5,1.365,82.4
24.88,1.5,1.349,86.5
24.89,1.5,1.448,87.2
24.90,1.5,1.557,84.7
24.91,1.5,1.538,80.4
24.92,1.5,1.462,81.5
24.93,1.5,1.393,84.1
24.94,1.5,1.44,85.5
24.95,1.5,1.538,84.2
24.96,1.5,1.611,81.1
24.97,1.5,1.638,78.3
24.98,1.5,1.565,77.4
24.99,1.5,1.529,78.2
25.00,1.5,1.395,80.8
25.01,1.5,1.539,81.1
25.02,1.5,1.468,82.1
25.03,1.5,1.394,84.7
25.04,1.5,1.434,86.3
25.05,1.5,1.514,85.3
25.06,1.5,1.59,82.8
25.07,1.5,1.627,80.1
25.08,1.5,1.595,78.5
25.09,1.5,1.546,78.6
25.10,1.5,1.433,80.6
25.11,1.5,1.593,88.9
25.12,1.5,1.694,83.8
25.13,1.5,1.668,80.4
25.14,1.5,1.552,80.5
25.15,1.5,1.478,82.8
25.16,1.5,1.538,83.3
25.17,1.5,1.615,81
25.18,1.5,1.65,78.1
25.19,1.5,1.625,76.2
25.20,1.5,1.452,78
25.21,1.5,1.375,81.1
25.22,1.5,1.401,85.7
25.23,1.5,1.434,86.5
25.24,1.5,1.547,84.9
25.25,1.5,1.665,80.9
25.26,1.5,1.598,78.4
25.27,1.5,1.58,78.3
25.28,1.5,1.473,79.6
25.29,1.5,1.453,81.6
25.30,1.5,1.524,81.5
25.31,1.5,1.458,78.4
25.32,1.5,1.384,80.7
25.33,1.5,1.243,85.4
25.34,1.5,1.264,89.8
25.35,1.5,1.339,91.2
25.36,1.5,1.453,90
25.37,1.5,1.598,86.4
25.38,1.5,1.688,81.6
25.39,1.5,1.684,78.1
25.40,1.5,1.577,77.7
25.41,1.5,1.859,54
25.42,1.5,1.802,50
25.43,1.5,1.653,49.8
25.44,1.5,1.698,49.5
25.45,1.5,1.724,46.7
25.46,1.5,1.674,44.8
25.47,1.5,1.577,45.2
25.48,1.5,1.42,48.3
25.49,1.5,1.346,52.8
25.50,1.5,1.253,57.3
25.51,1.5,1.431,63.4
25.52,1.5,1.504,61.9
25.53,1.5,1.561,59.6
25.54,1.5,1.58,57.8
25.55,1.5,1.566,56.7
25.56,1.5,1.477,57.6
25.57,1.5,1.467,59.2
25.58,1.5,1.392,61.2
25.59,1.5,1.257,65.6
25.60,1.5,1.299,69.5
25.61,1.5,1.56,61
25.62,1.5,1.473,61.9
25.63,1.5,1.521,62.5
25.64,1.5,1.602,60.5
25.65,1.5,1.654,57.4
25.66,1.5,1.648,54.9
25.67,1.5,1.58,54.4
25.68,1.5,1.43,57
25.69,1.5,1.374,60.8
25.70,1.5,1.307,64.4
25.71,1.5,1.339,67.5
25.72,1.5,1.412,68
25.73,1.5,1.533,66
25.74,1.5,1.648,61.9
25.75,1.5,1.608,59.1
25.76,1.5,1.601,58.4
25.77,1.5,1.497,59.1
25.78,1.5,1.469,61
25.79,1.5,1.519,61.2
25.80,1.5,1.578,59.4
25.81,1.5,1.395,59.8
25.82,1.5,1.277,64.1
25.83,1.5,1.287,68.1
25.84,1.5,1.377,69.1
25.85,1.5,1.496,67.3
25.86,1.5,1.614,63.5
25.87,1.5,1.635,60.1
25.88,1.5,1.626,58.2
25.89,1.5,1.53,58.5
25.90,1.5,1.44,60.9
25.91,1.5,1.434,58.1
25.92,1.5,1.247,63.4
25.93,1.5,1.277,68.4
25.94,1.5,1.348,69.7
25.95,1.5,1.473,68.2
25.96,1.5,1.612,64.4
25.97,1.5,1.67,60.1
25.98,1.5,1.657,57.3
25.99,1.5,1.542,57.6
26.00,1.5,1.479,59.6
26.01,1.5,1.537,55.1
26.02,1.5,1.505,56.1
26.03,1.5,1.41,58.3
26.04,1.5,1.232,63.5
26.05,1.5,1.27,68.4
26.06,1.5,1.329,69.8
26.07,1.5,1.451,68.8
26.08,1.5,1.595,65.2
26.09,1.5,1.679,60.5
26.10,1.5,1.671,57.3
26.11,1.5,1.619,54.9
26.12,1.5,1.51,55.3
26.13,1.5,1.493,57
26.14,1.5,1.406,58.9
26.15,1.5,1.258,63.6
26.16,1.5,1.276,68.1
26.17,1.5,1.354,69.4
26.18,1.5,1.477,67.8
26.19,1.5,1.616,63.9
26.20,1.5,1.661,59.8
26.21,1.5,1.621,55.5
26.22,1.5,1.533,55.5
26.23,1.5,1.508,56.7
26.24,1.5,1.412,58.7
26.25,1.5,1.275,63.3
26.26,1.5,1.285,67.6
26.27,1.5,1.375,68.6
26.28,1.5,1.491,66.9
26.29,1.5,1.624,63
26.30,1.5,1.607,59.8
26.31,1.5,1.626,58.1
26.32,1.5,1.632,55.5
26.33,1.5,1.532,55.5
26.34,1.5,1.503,57
26.35,1.5,1.406,59.1
26.36,1.5,1.33,62.9
26.37,1.5,1.311,66.2
26.38,1.5,1.403,67.2
26.39,1.5,1.506,65.3
26.40,1.5,1.624,61.8
26.41,1.5,1.59,60.2
26.42,1.5,1.63,57.3
26.43,1.5,1.598,55.7
26.44,1.5,1.556,55.6
26.45,1.5,1.442,57.6
26.46,1.5,1.282,62.5
26.47,1.5,1.286,67.2
26.48,1.5,1.377,68.2
26.49,1.5,1.488,66.6
26.50,1.5,1.622,62.8
26.51,1.5,1.544,61.2
26.52,1.5,1.621,58.6
26.53,1.5,1.635,55.8
26.54,1.5,1.503,56.2
26.55,1.5,1.494,58.1
26.56,1.5,1.405,60
26.57,1.5,1.313,63.7
26.58,1.5,1.317,67.2
26.59,1.5,1.437,67.4
26.60,1.5,1.55,64.5
26.61,1.5,1.422,63
26.62,1.5,1.503,63.2
26.63,1.5,1.583,61
26.64,1.5,1.645,57.8
26.65,1.5,1.637,55.3
26.66,1.5,1.48,56.4
26.67,1.5,1.455,59.1
26.68,1.5,1.361,61.9
26.69,1.5,1.348,65
26.70,1.5,1.385,66.4
26.71,1.5,1.442,63.2
26.72,1.5,1.426,64
26.73,1.5,1.433,64.9
26.74,1.5,1.537,63.9
26.75,1.5,1.624,60.6
26.76,1.5,1.668,57.2
26.77,1.5,1.626,55.2
26.78,1.5,1.436,57.5
26.79,1.5,1.399,61.4
26.80,1.5,1.311,64.9
26.81,1.5,1.306,62.4
26.82,1.5,1.321,67.5
26.83,1.5,1.443,67.7
26.84,1.5,1.569,64.7
26.85,1.5,1.674,60.3
26.86,1.5,1.533,59
26.87,1.5,1.525,60.4
26.88,1.5,1.443,61.9
26.89,1.5,1.458,63.4
26.90,1.5,1.553,62.3
26.91,1.5,1.376,66.2
26.92,1.5,1.416,66.3
26.93,1.5,1.555,64.2
26.94,1.5,1.637,60.3
26.95,1.5,1.627,57.6
26.96,1.5,1.335,60.9
26.97,1.5,1.374,65.9
26.98,1.5,1.385,67.3
26.99,1.5,1.482,66.8
27.00,1.5,1.614,63.4
27.01,1.5,1.44,61.8
27.02,1.5,1.523,61.3
27.03,1.5,1.576,59
27.04,1.5,1.604,56.9
27.05,1.5,1.608,55.1
27.06,1.5,1.56,54.6
27.07,1.5,1.431,56.8
27.08,1.5,1.192,63.3
27.09,1.5,1.297,68.4
27.10,1.5,1.329,69.2
27.11,1.5,1.507,61.1
27.12,1.5,1.518,60.8
27.13,1.5,1.591,59.2
27.14,1.5,1.626,56.7
27.15,1.5,1.622,54.8
27.16,1.5,1.563,54.4
27.17,1.5,1.437,56.6
27.18,1.5,1.221,62.7
27.19,1.5,1.266,68.1
27.20,1.5,1.32,69.7
27.21,1.5,1.449,59.1
27.22,1.5,1.461,61.6
27.23,1.5,1.519,61.3
27.24,1.5,1.589,59.1
27.25,1.5,1.614,56.8
27.26,1.5,1.599,55.2
27.27,1.5,1.552,55.1
27.28,1.5,1.43,57.2
27.29,1.5,1.233,63
27.30,1.5,1.265,68.2
27.31,1.5,1.576,57.1
27.32,1.5,1.466,59.2
27.33,1.5,1.498,60.8
27.34,1.5,1.542,59.9
27.35,1.5,1.6,57.9
27.36,1.5,1.605,55.8
27.37,1.5,1.565,55.1
27.38,1.5,1.527,55.6
27.39,1.5,1.415,57.8
27.40,1.5,1.237,63.2
27.41,1.5,1.666,61.3
27.42,1.5,1.662,58
27.43,1.5,1.592,57.2
27.44,1.5,1.469,59.2
27.45,1.5,1.495,60.9
27.46,1.5,1.551,60
27.47,1.5,1.607,57.8
27.48,1.5,1.611,55.6
27.49,1.5,1.558,55.1
27.50,1.5,1.529,55.7
27.51,1.5,1.545,62.3
27.52,1.5,1.605,61.1
27.53,1.5,1.557,60
27.54,1.5,1.473,61.4
27.55,1.5,1.533,61.9
27.56,1.5,1.596,59.8
27.57,1.5,1.637,57.2
27.58,1.5,1.622,55.3
27.59,1.5,1.482,56.4
27.60,1.5,1.469,58.7
27.61,1.5,1.561,64.1
27.62,1.5,1.639,60.5
27.63,1.5,1.516,59.8
27.64,1.5,1.528,60.8
27.65,1.5,1.466,61.7
27.66,1.5,1.429,63.4
27.67,1.5,1.505,63.6
27.68,1.5,1.579,61.4
27.69,1.5,1.634,58.5
27.70,1.5,1.63,56.2
27.71,1.5,1.602,61.1
27.72,1.5,1.631,58.4
27.73,1.5,1.371,60.7
27.74,1.5,1.427,64.5
27.75,1.5,1.398,65.6
27.76,1.5,1.454,66.2
27.77,1.5,1.569,64
27.78,1.5,1.645,60.4
27.79,1.5,1.659,57.3
27.80,1.5,1.615,55.9
27.81,1.5,1.63,58.7
27.82,1.5,1.624,56.4
27.83,1.5,1.496,57.1
27.84,1.5,1.285,62.3
27.85,1.5,1.306,67.4
27.86,1.5,1.393,68.2
27.87,1.5,1.508,66.4
27.88,1.5,1.62,62.7
27.89,1.5,1.645,59.1
27.90,1.5,1.606,57.7
27.91,1.5,1.575,59.8
27.92,1.5,1.612,57.5
27.93,1.5,1.584,56.1
27.94,1.5,1.553,56
27.95,1.5,1.443,57.7
27.96,1.5,1.252,63
27.97,1.5,1.288,67.9
27.98,1.5,1.346,69.2
27.99,1.5,1.449,68.4
28.00,1.5,1.577,65.3
28.01,1.5,1.567,60.1
28.02,1.5,1.609,57.8
28.03,1.5,1.602,55.9
28.04,1.5,1.566,55.4
28.05,1.5,1.444,57.3
28.06,1.5,1.239,63
28.07,1.5,1.277,68.1
28.08,1.5,1.319,69.8
28.09,1.5,1.417,69.6
28.10,1.5,1.552,66.8
28.11,1.5,1.495,60.9
28.12,1.5,1.529,60.5
28.13,1.5,1.582,58.8
28.14,1.5,1.614,56.7
28.15,1.5,1.588,55.3
28.16,1.5,1.55,55.2
28.17,1.5,1.428,57.3
28.18,1.5,1.212,63.4
28.19,1.5,1.272,68.6
28.20,1.5,1.304,70.3
28.21,1.5,1.471,61.5
28.22,1.5,1.516,61.5
28.23,1.5,1.571,59.9
28.24,1.5,1.615,57.6
28.25,1.5,1.609,55.7
28.26,1.5,1.567,55.2
28.27,1.5,1.439,57.2
28.28,1.5,1.22,63.3
28.29,1.5,1.279,68.5
28.30,1.5,1.304,70.3
28.31,1.5,1.641,57.3
28.32,1.5,1.47,59.1
28.33,1.5,1.463,62
28.34,1.5,1.509,62.2
28.35,1.5,1.585,60.2
28.36,1.5,1.633,57.5
28.37,1.5,1.576,56.1
28.38,1.5,1.547,56.4
28.39,1.5,1.438,58.3
28.40,1.5,1.286,63
28.41,1.5,1.503,58.2
28.42,1.5,1.404,61.7
28.43,1.5,1.425,63.9
28.44,1.5,1.489,63.7
28.45,1.5,1.568,61.7
28.46,1.5,1.625,58.7
28.47,1.5,1.62,56.6
28.48,1.5,1.577,55.9
28.49,1.5,1.459,57.6
28.50,1.5,1.285,62.6
28.51,1.5,1.648,57.4
28.52,1.5,1.551,57.5
28.53,1.5,1.423,60.3
28.54,1.5,1.44,62.9
28.55,1.5,1.491,62.8
28.56,1.5,1.567,60.9
28.57,1.5,1.621,58.2
28.58,1.5,1.617,56
28.59,1.5,1.573,55.4
28.60,1.5,1.449,57.3
28.61,1.5,1.568,66.3
28.62,1.5,1.673,61.8
28.63,1.5,1.675,58.1
28.64,1.5,1.584,57.4
28.65,1.5,1.458,59.8
28.66,1.5,1.472,61.9
28.67,1.5,1.534,61.3
28.68,1.5,1.6,59
28.69,1.5,1.628,56.5
28.70,1.5,1.577,55.4
28.71,1.5,1.613,65.2
28.72,1.5,1.691,60.2
28.73,1.5,1.666,57.2
28.74,1.5,1.561,57.2
28.75,1.5,1.455,59.7
28.76,1.5,1.491,61.3
28.77,1.5,1.552,60.2
28.78,1.5,1.603,58
28.79,1.5,1.619,55.7
28.80,1.5,1.574,54.8
28.81,1.5,1.399,71
28.82,1.5,1.553,67.9
28.83,1.5,1.676,63
28.84,1.5,1.698,58.7
28.85,1.5,1.62,57.3
28.86,1.5,1.497,58.9
28.87,1.5,1.52,60.4
28.88,1.5,1.585,59.1
28.89,1.5,1.628,56.7
28.90,1.5,1.623,54.6
28.91,1.5,1.315,70.8
28.92,1.5,1.437,69.9
28.93,1.5,1.577,66.5
28.94,1.5,1.676,61.8
28.95,1.5,1.674,58.3
28.96,1.5,1.572,57.9
28.97,1.5,1.464,60.2
28.98,1.5,1.492,61.8
28.99,1.5,1.549,60.8
29.00,1.5,1.61,58.6
29.01,1.5,1.226,64.1
29.02,1.5,1.265,69.1
29.03,1.5,1.334,70.5
29.04,1.5,1.457,69.2
29.05,1.5,1.592,65.7
29.06,1.5,1.682,61.1
29.07,1.5,1.663,57.9
29.08,1.5,1.568,57.7
29.09,1.5,1.488,59.5
29.10,1.5,1.506,60.7
29.11,1.5,1.162,64.5
29.12,1.5,1.278,69.7
29.13,1.5,1.311,70.7
29.14,1.5,1.361,71.2
29.15,1.5,1.494,69.7
29.16,1.5,1.637,65.4
29.17,1.5,1.703,60.6
29.18,1.5,1.665,57.9
29.19,1.5,1.5,59.1
29.20,1.5,1.484,61.6
29.21,1.5,1.412,58.7
29.22,1.5,1.255,63.8
29.23,1.5,1.279,68.4
29.24,1.5,1.363,69.5
29.25,1.5,1.481,67.9
29.26,1.5,1.601,64.3
29.27,1.5,1.667,60.2
29.28,1.5,1.64,57.7
29.29,1.5,1.554,57.8
29.30,1.5,1.442,60.2
29.31,1.5,1.611,56.5
29.32,1.5,1.549,56.2
29.33,1.5,1.436,58.4
29.34,1.5,1.207,64.5
29.35,1.5,1.281,69.7
29.36,1.5,1.337,70.8
29.37,1.5,1.468,69.5
29.38,1.5,1.609,65.6
29.39,1.5,1.693,60.8
29.40,1.5,1.667,57.7
29.41,1.5,1.612,54.7
29.42,1.5,1.488,55.7
29.43,1.5,1.464,57.9
29.44,1.5,1.384,60.2
29.45,1.5,1.261,64.7
29.46,1.5,1.285,68.6
29.47,1.5,1.409,68.9
29.48,1.5,1.515,66.5
29.49,1.5,1.62,62.9
29.50,1.5,1.646,59.4
29.51,1.5,1.582,59.8
29.52,1.5,1.615,57.4
29.53,1.5,1.586,56.1
29.54,1.5,1.542,56.2
29.55,1.5,1.439,58.1
29.56,1.5,1.24,63.5
29.57,1.5,1.307,68.1
29.58,1.5,1.36,68.9
29.59,1.5,1.469,67.7
29.60,1.5,1.591,64.5
29.61,1.5,1.572,59.7
29.62,1.5,1.609,57.4
29.63,1.5,1.603,55.7
29.64,1.5,1.553,55.4
29.65,1.5,1.435,57.5
29.66,1.5,1.219,63.4
29.67,1.5,1.276,68.6
29.68,1.5,1.324,70.1
29.69,1.5,1.434,69.4
29.70,1.5,1.572,66.2
29.71,1.5,1.563,59.6
29.72,1.5,1.6,57.6
29.73,1.5,1.607,55.8
29.74,1.5,1.565,55.1
29.75,1.5,1.52,55.7
29.76,1.5,1.42,57.9
29.77,1.5,1.229,63.3
29.78,1.5,1.271,68.3
29.79,1.5,1.323,69.8
29.80,1.5,1.436,69.1
29.81,1.5,1.506,60.5
29.82,1.5,1.556,59.5
29.83,1.5,1.592,57.7
29.84,1.5,1.604,55.9
29.85,1.5,1.581,54.9
29.86,1.5,1.547,54.8
29.87,1.5,1.426,56.9
29.88,1.5,1.206,63
29.89,1.5,1.275,68.2
29.90,1.5,1.306,69.8
29.91,1.5,1.526,57.9
29.92,1.5,1.509,59.4
29.93,1.5,1.539,59.3
29.94,1.5,1.58,58
29.95,1.5,1.599,56.1
29.96,1.5,1.596,54.7
29.97,1.5,1.548,54.5
29.98,1.5,1.43,56.7
29.99,1.5,1.191,63
30.00,1.5,1.262,68.6
30.01,1.5,1.656,57.2
30.02,1.5,1.497,58.6
30.03,1.5,1.496,60.8
30.04,1.5,1.554,60.3
30.05,1.5,1.608,58.2
30.06,1.5,1.621,55.9
30.07,1.5,1.574,55
30.08,1.5,1.533,55.5
30.09,1.5,1.427,57.6
30.10,1.5,1.258,62.8
30.11,1.5,1.658,57.8
30.12,1.5,1.588,56.9
30.13,1.5,1.458,59
30.14,1.5,1.455,61.4
30.15,1.5,1.504,61.5
30.16,1.5,1.566,59.7
30.17,1.5,1.597,57.6
30.18,1.5,1.607,55.8
30.19,1.5,1.562,55.2
30.20,1.5,1.441,57.1
30.21,1.5,1.653,63.1
30.22,1.5,1.692,58.9
30.23,1.5,1.624,57.2
30.24,1.5,1.486,58.9
30.25,1.5,1.485,61.1
30.26,1.5,1.544,60.6
30.27,1.5,1.606,58.4
30.28,1.5,1.618,56.1
30.29,1.5,1.576,55.2
30.30,1.5,1.533,55.6
30.31,1.5,1.417,69.6
30.32,1.5,1.569,66.5
30.33,1.5,1.664,61.9
30.34,1.5,1.686,58.1
30.35,1.5,1.61,56.8
30.36,1.5,1.472,58.8
30.37,1.5,1.477,61.1
30.38,1.5,1.517,60.9
30.39,1.5,1.585,59.1
30.40,1.5,1.609,56.8
30.41,1.5,1.696,58.5
30.42,1.5,1.614,57.1
30.43,1.5,1.489,58.9
30.44,1.5,1.502,60.7
30.45,1.5,1.552,59.9
30.46,1.5,1.61,57.8
30.47,1.5,1.618,55.6
30.48,1.5,1.569,54.9
30.49,1.5,1.528,55.4
30.50,1.5,1.42,57.6
30.51,1.5,1.543,68
30.52,1.5,1.662,63.3
30.53,1.5,1.699,58.9
30.54,1.5,1.619,57.4
30.55,1.5,1.498,59
30.56,1.5,1.524,60.4
30.57,1.5,1.576,59.2
30.58,1.5,1.629,56.8
30.59,1.5,1.628,54.6
30.60,1.5,1.532,54.7
30.61,1.5,1.264,68.2
30.62,1.5,1.331,69.8
30.63,1.5,1.448,68.8
30.64,1.5,1.592,65.3
30.65,1.5,1.676,60.6
30.66,1.5,1.667,57.4
30.67,1.5,1.57,57.1
30.68,1.5,1.455,59.5
30.69,1.5,1.477,61.4
30.70,1.5,1.538,60.6
30.71,1.5,1.43,57.2
30.72,1.5,1.215,63.1
30.73,1.5,1.266,68.4
30.74,1.5,1.3,70.3
30.75,1.5,1.394,70.3
30.76,1.5,1.547,67.5
30.77,1.5,1.665,62.9
30.78,1.5,1.695,58.6
30.79,1.5,1.618,57.1
30.80,1.5,1.484,58.9
30.81,1.5,1.419,57.6
30.82,1.5,1.217,63.3
30.83,1.5,1.259,68.6
30.84,1.5,1.298,70.5
30.85,1.5,1.402,70.4
30.86,1.5,1.569,67.2
30.87,1.5,1.677,62.2
30.88,1.5,1.693,58.1
30.89,1.5,1.6,57.1
30.90,1.5,1.467,59.3
30.91,1.5,1.495,56
30.92,1.5,1.405,58.6
30.93,1.5,1.217,64
30.94,1.5,1.257,69.1
30.95,1.5,1.312,70.8
30.96,1.5,1.419,70.2
30.97,1.5,1.581,66.8
30.98,1.5,1.684,61.8
30.99,1.5,1.687,58
31.00,1.5,1.613,56.9
31.01,1.5,1.56,54.3
31.02,1.5,1.508,55.1
31.03,1.5,1.398,57.7
31.04,1.5,1.167,64.2
31.05,1.5,1.263,69.6
31.06,1.5,1.297,70.8
31.07,1.5,1.367,71.3
31.08,1.5,1.519,69.1
31.09,1.5,1.655,64.4
31.10,1.5,1.709,59.6
31.11,1.5,1.631,57.5
31.12,1.5,1.636,55
31.13,1.5,1.533,55
31.14,1.5,1.494,56.7
31.15,1.5,1.394,59.2
31.16,1.5,1.266,63.9
31.17,1.5,1.269,68.3
31.18,1.5,1.379,69.3
31.19,1.5,1.49,67.4
31.20,1.5,1.619,63.5